year,season,year_season,city,total_population,total_population_increase,births,deaths,natural_increase_rate,immigrants,emigrants,social_increase_rate,total_increase_rate
105,4,1054,新北市,"3,979,208","4,297","9,172","5,636",0.89,"38,619","37,858",0.19,1.08
105,4,1054,台北市,"2,695,704",-612,"7,537","4,271",1.21,"29,764","33,642",-1.44,-0.23
105,4,1054,桃園市,"2,147,763","11,061","6,505","3,076",1.6,"25,290","17,658",3.56,5.16
105,4,1054,台中市,"2,767,239","7,352","7,160","4,049",1.13,"31,298","27,057",1.53,2.66
105,4,1054,台南市,"1,886,033",534,"4,026","3,726",0.16,"16,597","16,363",0.12,0.28
105,4,1054,高雄市,"2,779,371","1,039","6,059","5,159",0.32,"27,395","27,256",0.05,0.37
105,4,1054,台灣省,"7,136,789","-4,077","16,105","15,415",0.1,"54,069","58,836",-0.67,-0.57
105,4,1054,宜蘭縣,"457,538",-133,993,907,0.19,"4,106","4,325",-0.48,-0.29
105,4,1054,新竹縣,"547,481","1,209","1,538",910,1.15,"5,120","4,539",1.06,2.21
105,4,1054,苗栗縣,"559,189","-1,082","1,174","1,135",0.07,"3,526","4,647",-2,-1.93
105,4,1054,彰化縣,"1,287,146",-519,"3,896","2,428",1.14,"7,500","9,487",-1.54,-0.4
105,4,1054,南投縣,"505,163",-889,"1,032","1,175",-0.28,"2,993","3,739",-1.48,-1.76
105,4,1054,雲林縣,"694,873","-1,052","1,323","1,847",-0.75,"4,236","4,764",-0.76,-1.51
105,4,1054,嘉義縣,"515,320",-1211,784,"1,416",-1.23,"3,375","3,954",-1.12,-2.35
105,4,1054,屏東縣,"835,792","-1,256","1,416","1,994",-0.69,"5,706","6,384",-0.81,-1.5
105,4,1054,台東縣,"220,802",-397,423,631,-0.94,"1,615","1,804",-0.86,-1.8
105,4,1054,花蓮縣,"330,911",-312,750,847,-0.29,"3,187","3,402",-0.65,-0.94
105,4,1054,澎湖縣,"103,263",383,302,242,0.58,"1,346","1,023",3.13,3.71
105,4,1054,基隆市,"372,100",81,657,699,-0.11,"3,878","3,755",0.33,0.22
105,4,1054,新竹市,"437,337",1117,"1,234",677,1.27,"4,991","4,431",1.28,2.55
105,4,1054,嘉義市,"269,874",-16,583,507,0.28,"2,490","2,582",-0.34,-0.06
105,4,1054,福建省,"147,709",704,465,174,1.97,"2,050","1,637",2.8,4.77
105,4,1054,金門縣,"135,114",695,413,162,1.86,"1,821","1,377",3.29,5.15
105,4,1054,連江縣,"12,595",9,52,12,3.17,229,260,-2.46,0.71
105,3,1053,新北市,"3,974,911","2,707","8,379","5,222",0.79,"44,540","44,990",-0.11,0.68
105,3,1053,台北市,"2,696,316","-6,609","6,703","4,167",0.94,"33,612","42,757",-3.39,-2.45
105,3,1053,桃園市,"2,136,702","12,363","5,888","2,858",1.42,"31,342","22,009",4.38,5.8
105,3,1053,台中市,"2,759,887","5,696","6,191","3,992",0.8,"34,430","30,933",1.27,2.07
105,3,1053,台南市,"1,885,499",111,"3,516","3,507",0,"17,752","17,650",0.05,0.05
105,3,1053,高雄市,"2,778,332",240,"5,392","5,135",0.09,"32,287","32,304",-0.01,0.08
105,3,1053,台灣省,"7,140,866","-4,636","14,071","14,972",-0.13,"65,570","69,305",-0.52,-0.65
105,3,1053,宜蘭縣,"457,671",-137,838,911,-0.16,"4,985","5,049",-0.14,-0.3
105,3,1053,新竹縣,"546,272","1,648","1,367",868,0.91,"6,655","5,506",2.11,3.02
105,3,1053,苗栗縣,"560,271","-1,224","1,084","1,193",-0.19,"4,094","5,209",-1.99,-2.18
105,3,1053,彰化縣,"1,287,665","-1,138","3,299","2,439",0.67,"8,609","10,607",-1.55,-0.88
105,3,1053,南投縣,"506,052","-1,158",874,"1,139",-0.52,"3,574","4,467",-1.76,-2.28
105,3,1053,雲林縣,"695,925","-1,180","1,145","1,693",-0.79,"4,952","5,584",-0.91,-1.7
105,3,1053,嘉義縣,"516,531",-808,729,"1,311",-1.13,"4,005","4,231",-0.44,-1.57
105,3,1053,屏東縣,"837,048","-1,536","1,285","2,078",-0.95,"6,733","7,476",-0.89,-1.84
105,3,1053,台東縣,"221,199",-305,362,632,-1.22,"2,102","2,137",-0.16,-1.38
105,3,1053,花蓮縣,"331,223",-149,637,798,-0.49,"4,208","4,196",0.04,-0.45
105,3,1053,澎湖縣,"102,880",551,242,211,0.3,"1,798","1,278",5.08,5.38
105,3,1053,基隆市,"372,019",182,649,663,-0.04,"5,100","4,904",0.53,0.49
105,3,1053,新竹市,"436,220",982,"1,092",588,1.16,"5,856","5,378",1.1,2.26
105,3,1053,嘉義市,"269,890",-364,468,448,0.07,"2,899","3,283",-1.42,-1.35
105,3,1053,福建省,"147,005","1,284",341,192,1.02,"3,184","2,049",7.76,8.78
105,3,1053,金門縣,"134,419","1,234",299,181,0.88,"2,895","1,779",8.35,9.23
105,3,1053,連江縣,"12,586",50,42,11,2.47,289,270,1.51,3.98
105,2,1052,新北市,"3,972,204","1,414","8,295","5,801",0.63,"41,587","42,667",-0.27,0.36
105,2,1052,台北市,"2,702,925","-1,570","6,833","4,493",0.87,"32,446","36,356",-1.45,-0.58
105,2,1052,桃園市,"2,124,339","10,167","5,765","3,050",1.28,"27,728","20,276",3.51,4.79
105,2,1052,台中市,"2,754,191","5,392","5,967","4,037",0.7,"31,835","28,373",1.26,1.96
105,2,1052,台南市,"1,885,388",231,"3,479","3,698",-0.12,"17,284","16,834",0.24,0.12
105,2,1052,高雄市,"2,778,092",-148,"4,937","5,145",-0.07,"28,822","28,762",0.02,-0.05
105,2,1052,台灣省,"7,145,502","-4,130","13,879","15,767",-0.26,"63,770","66,012",-0.31,-0.57
105,2,1052,宜蘭縣,"457,808",-46,834,933,-0.22,"5,077","5,024",0.12,-0.1
105,2,1052,新竹縣,"544,624","1,441","1,333",914,0.77,"6,357","5,335",1.88,2.65
105,2,1052,苗栗縣,"561,495",-978,"1,264","1,288",-0.04,"3,983","4,937",-1.7,-1.74
105,2,1052,彰化縣,"1,288,803",-142,"3,236","2,590",0.5,"8,122","8,910",-0.61,-0.11
105,2,1052,南投縣,"507,210",-936,826,"1,185",-0.71,"3,844","4,421",-1.14,-1.85
105,2,1052,雲林縣,"697,105","-1,082","1,130","1,723",-0.85,"5,266","5,755",-0.7,-1.55
105,2,1052,嘉義縣,"517,339","-1,168",665,"1,430",-1.48,"3,917","4,320",-0.78,-2.26
105,2,1052,屏東縣,"838,584","-1,176","1,155","2,112",-1.14,"7,167","7,386",-0.26,-1.4
105,2,1052,台東縣,"221,504",-470,382,620,-1.07,"1,974","2,206",-1.05,-2.12
105,2,1052,花蓮縣,"331,372",-261,588,806,-0.66,"3,952","3,995",-0.13,-0.79
105,2,1052,澎湖縣,"102,329",-3,224,235,-0.11,"1,259","1,251",0.08,-0.03
105,2,1052,基隆市,"371,837",-45,576,717,-0.38,"4,477","4,381",0.26,-0.12
105,2,1052,新竹市,"435,238",746,"1,108",686,0.97,"5,634","5,310",0.74,1.71
105,2,1052,嘉義市,"270,254",-10,558,528,0.11,"2,741","2,781",-0.15,-0.04
105,2,1052,福建省,"145,721",193,349,212,0.94,"2,302","2,246",0.38,1.32
105,2,1052,金門縣,"133,185",187,313,198,0.86,"2,081","2,009",0.54,1.4
105,2,1052,連江縣,"12,536",6,36,14,1.76,221,237,-1.28,0.48
105,1,1051,新北市,"3,970,790",146,"8,485","6,597",0.48,"37,197","38,939",-0.44,0.04
105,1,1051,台北市,"2,704,495",-315,"6,919","5,051",0.69,"31,259","33,442",-0.81,-0.12
105,1,1051,桃園市,"2,114,172","8,392","5,628","3,653",0.94,"24,569","18,152",3.04,3.98
105,1,1051,台中市,"2,748,799","4,354","6,337","4,843",0.54,"30,592","27,732",1.04,1.58
105,1,1051,台南市,"1,885,157",-384,"3,677","4,303",-0.33,"17,209","16,967",0.13,-0.2
105,1,1051,高雄市,"2,778,240",-678,"5,369","5,926",-0.2,"28,595","28,716",-0.04,-0.24
105,1,1051,台灣省,"7,149,632","-6,958","14,642","18,053",-0.48,"59,566","63,113",-0.5,-0.98
105,1,1051,宜蘭縣,"457,854",-263,860,"1,036",-0.38,"4,452","4,539",-0.19,-0.57
105,1,1051,新竹縣,"543,183","1,141","1,318","1,105",0.39,"5,536","4,608",1.71,2.1
105,1,1051,苗栗縣,"562,473","-1,439","1,234","1,473",-0.42,"3,729","4,929",-2.13,-2.55
105,1,1051,彰化縣,"1,288,945",-127,"3,376","2,927",0.35,"8,869","9,445",-0.45,-0.1
105,1,1051,南投縣,"508,146","-1,344",898,"1,452",-1.09,"3,358","4,148",-1.55,-2.64
105,1,1051,雲林縣,"698,187","-1,446","1,176","1,969",-1.13,"4,821","5,474",-0.93,-2.06
105,1,1051,嘉義縣,"518,507","-1,332",745,"1,577",-1.6,"3,715","4,215",-0.96,-2.56
105,1,1051,屏東縣,"839,760","-1,493","1,273","2,360",-1.29,"7,070","7,476",-0.48,-1.77
105,1,1051,台東縣,"221,974",-478,388,699,-1.4,"1,793","1,960",-0.75,-2.15
105,1,1051,花蓮縣,"331,633",-312,707,962,-0.77,"3,947","4,004",-0.17,-0.94
105,1,1051,澎湖縣,"102,332",28,236,286,-0.49,"1,113","1,035",0.76,0.27
105,1,1051,基隆市,"371,882",-223,666,861,-0.52,"3,820","3,848",-0.08,-0.6
105,1,1051,新竹市,"434,492",432,"1,163",764,0.92,"4,629","4,596",0.08,1
105,1,1051,嘉義市,"270,264",-102,602,582,0.07,"2,714","2,836",-0.45,-0.38
105,1,1051,福建省,"145,528",182,369,225,0.99,"1,976","1,938",0.26,1.25
105,1,1051,金門縣,"132,998",199,335,207,0.96,"1,770","1,699",0.53,1.49
105,1,1051,連江縣,"12,530",-17,34,18,1.28,206,239,-2.64,-1.36
104,4,1044,新北市,"3,970,644","3,161","9,883","5,485",1.11,"34,112","35,349",-0.31,0.8
104,4,1044,台北市,"2,704,810","4,695","7,916","4,299",1.34,"29,299","28,221",0.4,1.74
104,4,1044,桃園市,"2,105,780","9,348","6,376","2,952",1.63,"22,799","16,875",2.82,4.45
104,4,1044,台中市,"2,744,445","5,892","7,503","4,057",1.26,"27,341","24,895",0.89,2.15
104,4,1044,台南市,"1,885,541",504,"4,406","3,781",0.33,"14,785","14,906",-0.06,0.27
104,4,1044,高雄市,"2,778,918","1,048","6,365","5,243",0.4,"24,587","24,661",-0.03,0.37
104,4,1044,台灣省,"7,156,590","-2,218","16,668","15,212",0.2,"51,417","55,091",-0.51,-0.31
104,4,1044,宜蘭縣,"458,117",-144,983,992,-0.02,"3,870","4,005",-0.29,-0.31
104,4,1044,新竹縣,"542,042","1,437","1,537",851,1.27,"5,011","4,260",1.39,2.66
104,4,1044,苗栗縣,"563,912",-637,"1,413","1,173",0.43,"3,309","4,186",-1.55,-1.12
104,4,1044,彰化縣,"1,289,072",777,"3,877","2,526",1.05,"7,656","8,230",-0.45,0.6
104,4,1044,南投縣,"509,490",-604,"1,027","1,158",-0.26,"2,987","3,460",-0.93,-1.19
104,4,1044,雲林縣,"699,633",-804,"1,382","1,724",-0.49,"4,112","4,574",-0.66,-1.15
104,4,1044,嘉義縣,"519,839",-831,906,"1,281",-0.72,"3,153","3,609",-0.88,-1.6
104,4,1044,屏東縣,"841,253","-1,172","1,415","2,013",-0.71,"5,291","5,865",-0.68,-1.39
104,4,1044,台東縣,"222,452",-458,472,608,-0.61,"1,554","1,876",-1.45,-2.06
104,4,1044,花蓮縣,"331,945",-81,780,819,-0.12,"3,484","3,526",-0.13,-0.25
104,4,1044,澎湖縣,"102,304",100,246,222,0.23,"1,051",975,0.74,0.97
104,4,1044,基隆市,"372,105",-406,670,701,-0.08,"3,415","3,790",-1.01,-1.09
104,4,1044,新竹市,"434,060",712,"1,371",658,1.64,"4,225","4,226",0,1.64
104,4,1044,嘉義市,"270,366",-107,589,486,0.38,"2,299","2,509",-0.78,-0.4
104,4,1044,福建省,"145,346",896,440,201,1.65,"2,286","1,629",4.53,6.18
104,4,1044,金門縣,"132,799",894,390,183,1.56,"2,042","1,355",5.18,6.74
104,4,1044,連江縣,"12,547",2,50,18,2.55,244,274,-2.39,0.16
104,3,1043,新北市,"3,967,483","1,431","8,682","5,234",0.87,"45,981","47,998",-0.51,0.36
104,3,1043,台北市,"2,700,115","-5,915","6,949","4,129",1.04,"35,548","44,283",-3.23,-2.19
104,3,1043,桃園市,"2,096,432","10,351","5,613","2,717",1.38,"30,105","22,650",3.56,4.94
104,3,1043,台中市,"2,738,553","7,053","6,189","3,998",0.8,"38,209","33,347",1.78,2.58
104,3,1043,台南市,"1,885,037",-339,"3,801","3,570",0.12,"18,645","19,215",-0.3,-0.18
104,3,1043,高雄市,"2,777,870",-965,"5,457","5,001",0.16,"33,487","34,908",-0.51,-0.35
104,3,1043,台灣省,"7,158,808","-6,553","14,422","14,746",-0.05,"69,106","75,335",-0.87,-0.92
104,3,1043,宜蘭縣,"458,261",-52,827,872,-0.1,"5,482","5,489",-0.02,-0.12
104,3,1043,新竹縣,"540,605","1,432","1,368",822,1.01,"6,618","5,732",1.64,2.65
104,3,1043,苗栗縣,"564,549","-1,155","1,274","1,068",0.36,"4,358","5,719",-2.41,-2.05
104,3,1043,彰化縣,"1,288,295",-979,"3,194","2,419",0.6,"9,069","10,823",-1.36,-0.76
104,3,1043,南投縣,"510,094","-1,424",878,"1,190",-0.61,"3,961","5,073",-2.18,-2.79
104,3,1043,雲林縣,"700,437","-1,461","1,215","1,681",-0.66,"5,453","6,448",-1.42,-2.08
104,3,1043,嘉義縣,"520,670",-921,715,"1,319",-1.16,"4,305","4,622",-0.61,-1.77
104,3,1043,屏東縣,"842,425","-1,556","1,315","1,999",-0.81,"7,185","8,057",-1.03,-1.84
104,3,1043,台東縣,"222,910",-279,403,556,-0.69,"2,282","2,408",-0.57,-1.26
104,3,1043,花蓮縣,"332,026",-398,677,818,-0.42,"4,544","4,801",-0.77,-1.19
104,3,1043,澎湖縣,"102,204",451,215,239,-0.24,"1,853","1,378",4.67,4.43
104,3,1043,基隆市,"372,511",-276,619,654,-0.09,"4,916","5,157",-0.65,-0.74
104,3,1043,新竹市,"433,348",488,"1,176",623,1.28,"5,986","6,051",-0.15,1.13
104,3,1043,嘉義市,"270,473",-423,546,486,0.22,"3,094","3,577",-1.78,-1.56
104,3,1043,福建省,"144,450","2,123",359,193,1.16,"4,011","2,054",13.63,14.79
104,3,1043,金門縣,"131,905","2,074",330,182,1.13,"3,685","1,759",14.69,15.82
104,3,1043,連江縣,"12,545",49,29,11,1.44,326,295,2.48,3.92
104,2,1042,新北市,"3,966,052",403,"8,554","5,586",0.75,"44,992","47,557",-0.65,0.1
104,2,1042,台北市,"2,706,030",72,"6,812","4,201",0.96,"35,565","38,104",-0.94,0.02
104,2,1042,桃園市,"2,086,081","13,345","5,495","2,908",1.24,"32,458","21,700",5.17,6.41
104,2,1042,台中市,"2,731,500","6,003","6,053","3,907",0.79,"34,654","30,797",1.41,2.2
104,2,1042,台南市,"1,885,376",270,"3,659","3,393",0.14,"18,097","18,093",-,0.14
104,2,1042,高雄市,"2,778,835",-301,"5,195","5,038",0.06,"31,407","31,865",-0.16,-0.1
104,2,1042,台灣省,"7,165,361","-8,416","13,924","15,290",-0.19,"68,614","75,664",-0.98,-1.17
104,2,1042,宜蘭縣,"458,313",-57,781,902,-0.26,"5,525","5,461",0.14,-0.12
104,2,1042,新竹縣,"539,173","1,102","1,288",885,0.75,"6,623","5,924",1.3,2.05
104,2,1042,苗栗縣,"565,704",-881,"1,481","1,205",0.49,"4,271","5,428",-2.04,-1.55
104,2,1042,彰化縣,"1,289,274","-1,221","3,124","2,481",0.5,"8,808","10,672",-1.45,-0.95
104,2,1042,南投縣,"511,518","-1,574",803,"1,216",-0.81,"4,054","5,215",-2.27,-3.08
104,2,1042,雲林縣,"701,898","-1,509","1,113","1,672",-0.8,"5,773","6,723",-1.35,-2.15
104,2,1042,嘉義縣,"521,591","-1,571",663,"1,361",-1.34,"4,236","5,109",-1.67,-3.01
104,2,1042,屏東縣,"843,981","-1,798","1,223","2,017",-0.94,"7,263","8,267",-1.19,-2.13
104,2,1042,台東縣,"223,189",-642,333,639,-1.37,"2,247","2,583",-1.5,-2.87
104,2,1042,花蓮縣,"332,424",-413,603,788,-0.56,"4,528","4,756",-0.69,-1.25
104,2,1042,澎湖縣,"101,753",-103,200,235,-0.34,"1,240","1,308",-0.67,-1.01
104,2,1042,基隆市,"372,787",-182,571,748,-0.47,"4,999","5,004",-0.01,-0.48
104,2,1042,新竹市,"432,860",404,"1,193",623,1.32,"5,860","6,026",-0.38,0.94
104,2,1042,嘉義市,"270,896",29,548,518,0.11,"3,187","3,188",-,0.11
104,2,1042,福建省,"142,327",899,368,193,1.23,"2,844","2,120",5.09,6.32
104,2,1042,金門縣,"129,831",907,335,185,1.16,"2,600","1,843",5.84,7
104,2,1042,連江縣,"12,496",-8,33,8,2,244,277,-2.65,-0.65
104,1,1041,新北市,"3,965,649","-1,169","9,194","5,870",0.84,"39,467","43,960",-1.13,-0.29
104,1,1041,台北市,"2,705,958","3,643","7,310","4,477",1.05,"33,317","32,507",0.3,1.35
104,1,1041,桃園市,"2,072,736","14,408","4,900","3,023",0.91,"32,180","19,649",6.07,6.98
104,1,1041,台中市,"2,725,497","5,662","6,568","4,108",0.9,"32,803","29,601",1.18,2.08
104,1,1041,台南市,"1,885,106",822,"3,903","3,587",0.17,"18,582","18,076",0.27,0.44
104,1,1041,高雄市,"2,779,136",144,"5,452","5,226",0.08,"30,727","30,809",-0.03,0.05
104,1,1041,台灣省,"7,173,777","-9,175","14,788","16,016",-0.17,"63,819","71,766",-1.11,-1.28
104,1,1041,宜蘭縣,"458,370",-407,846,967,-0.26,"4,877","5,163",-0.62,-0.88
104,1,1041,新竹縣,"538,071",441,"1,391",961,0.8,"5,588","5,577",0.02,0.82
104,1,1041,苗栗縣,"566,585",-547,"1,588","1,301",0.51,"4,290","5,124",-1.47,-0.96
104,1,1041,彰化縣,"1,290,495",-979,"3,119","2,613",0.39,"9,341","10,826",-1.15,-0.76
104,1,1041,南投縣,"513,092","-1,223",868,"1,221",-0.69,"3,811","4,681",-1.69,-2.38
104,1,1041,雲林縣,"703,407","-1,949","1,276","1,789",-0.73,"5,264","6,700",-2.04,-2.77
104,1,1041,嘉義縣,"523,162","-1,621",770,"1,462",-1.32,"4,127","5,056",-1.77,-3.09
104,1,1041,屏東縣,"845,779","-2,138","1,313","2,085",-0.91,"6,918","8,284",-1.61,-2.52
104,1,1041,台東縣,"223,831",-639,397,618,-0.99,"1,988","2,406",-1.87,-2.86
104,1,1041,花蓮縣,"332,837",-555,633,851,-0.65,"4,083","4,420",-1.01,-1.66
104,1,1041,澎湖縣,"101,856",98,231,223,0.08,"1,266","1,176",0.88,0.96
104,1,1041,基隆市,"372,969",-108,579,726,-0.39,"4,342","4,303",0.1,-0.29
104,1,1041,新竹市,"432,456",468,"1,236",665,1.32,"4,866","4,969",-0.24,1.08
104,1,1041,嘉義市,"270,867",-16,541,534,0.03,"3,058","3,081",-0.08,-0.05
104,1,1041,福建省,"141,428","1,199",394,217,1.26,"2,864","1,842",7.25,8.51
104,1,1041,金門縣,"128,924","1,201",341,200,1.1,"2,625","1,565",8.25,9.35
104,1,1041,連江縣,"12,504",-2,53,17,2.87,239,277,-3.03,-0.16
103,4,1034,新北市,"3,966,818","5,444","10,943","5,215",1.45,"38,970","39,254",-0.07,1.38
103,4,1034,台北市,"2,702,315","6,666","8,258","4,136",1.53,"33,805","31,261",0.94,2.47
103,4,1034,桃園市,"2,719,835","6,887","7,472","3,870",1.33,"30,528","27,243",1.21,2.54
103,4,1034,台中市,"1,884,284",791,"4,283","3,423",0.46,"16,336","16,405",-0.04,0.42
103,4,1034,台南市,"2,778,992","1,531","6,437","4,951",0.53,"27,048","27,003",0.02,0.55
103,4,1034,高雄市,"9,241,280",562,"21,402","17,550",0.42,"77,563","80,853",-0.36,0.06
103,4,1034,台灣省,"458,777",-7,965,909,0.12,"4,617","4,680",-0.14,-0.02
103,4,1034,宜蘭縣,"2,058,328","4,068","4,696","2,793",0.93,"21,528","19,363",1.05,1.98
103,4,1034,新竹縣,"537,630","1,519","1,565",849,1.33,"5,283","4,480",1.5,2.83
103,4,1034,苗栗縣,"567,132",214,"1,748","1,125",1.1,"3,691","4,100",-0.72,0.38
103,4,1034,彰化縣,"1,291,474",-652,"3,399","2,345",0.82,"7,730","9,436",-1.32,-0.5
103,4,1034,南投縣,"514,315",-766,"1,057","1,110",-0.1,"3,106","3,819",-1.38,-1.48
103,4,1034,雲林縣,"705,356","-1,332","1,473","1,671",-0.28,"4,661","5,795",-1.61,-1.89
103,4,1034,嘉義縣,"524,783","-1,245",816,"1,298",-0.92,"3,476","4,239",-1.45,-2.37
103,4,1034,屏東縣,"847,917","-1,409","1,528","2,021",-0.58,"5,803","6,719",-1.08,-1.66
103,4,1034,台東縣,"224,470",-461,453,669,-0.96,"1,610","1,855",-1.09,-2.05
103,4,1034,花蓮縣,"333,392",-139,746,823,-0.23,"3,839","3,901",-0.19,-0.42
103,4,1034,澎湖縣,"101,758",276,273,199,0.73,"1,159",957,1.99,2.72
103,4,1034,基隆市,"373,077",-520,548,658,-0.29,"3,917","4,327",-1.1,-1.39
103,4,1034,新竹市,"431,988",959,"1,507",618,2.06,"4,506","4,436",0.16,2.22
103,4,1034,嘉義市,"270,883",57,628,462,0.61,"2,637","2,746",-0.4,0.21
103,4,1034,福建省,"140,229","1,592",494,162,2.38,"2,665","1,405",9.03,11.41
103,4,1034,金門縣,"127,723","1,567",444,149,2.32,"2,399","1,127",10.02,12.34
103,4,1034,連江縣,"12,506",25,50,13,2.95,266,278,-0.96,1.99
103,3,1033,新北市,"3,961,374","4,646","9,649","5,273",1.11,"50,526","50,256",0.07,1.18
103,3,1033,台北市,"2,695,649","1,977","7,223","4,061",1.17,"42,346","43,531",-0.44,0.73
103,3,1033,桃園市,"2,712,948","4,610","6,575","3,904",0.99,"37,190","35,251",0.72,1.71
103,3,1033,台中市,"1,883,493",451,"3,927","3,563",0.19,"19,743","19,656",0.05,0.24
103,3,1033,台南市,"2,777,461",165,"5,594","5,047",0.2,"34,404","34,786",-0.14,0.06
103,3,1033,高雄市,"9,240,718","4,131","19,467","17,896",0.17,"103,331","100,771",0.28,0.45
103,3,1033,台灣省,"458,784",13,917,928,-0.02,"6,065","6,041",0.05,0.03
103,3,1033,宜蘭縣,"2,054,260","5,251","4,343","2,883",0.71,"29,728","25,937",1.85,2.56
103,3,1033,新竹縣,"536,111","2,260","1,500",842,1.23,"7,138","5,536",2.99,4.22
103,3,1033,苗栗縣,"566,918",472,"1,449","1,163",0.5,"5,298","5,112",0.33,0.83
103,3,1033,彰化縣,"1,292,126","-1,404","3,064","2,440",0.48,"8,731","10,759",-1.57,-1.09
103,3,1033,南投縣,"515,081",-703,883,"1,126",-0.47,"4,236","4,696",-0.89,-1.36
103,3,1033,雲林縣,"706,688",-594,"1,370","1,732",-0.51,"5,756","5,988",-0.33,-0.84
103,3,1033,嘉義縣,"526,028",-908,737,"1,327",-1.12,"4,279","4,597",-0.6,-1.72
103,3,1033,屏東縣,"849,326","-1,201","1,361","2,002",-0.75,"7,486","8,046",-0.66,-1.41
103,3,1033,台東縣,"224,931",-110,447,595,-0.66,"2,491","2,453",0.17,-0.49
103,3,1033,花蓮縣,"333,531",-99,686,828,-0.43,"5,032","4,989",0.13,-0.3
103,3,1033,澎湖縣,"101,482",370,239,263,-0.24,"1,704","1,310",3.9,3.66
103,3,1033,基隆市,"373,597",-189,533,703,-0.45,"5,491","5,510",-0.05,-0.5
103,3,1033,新竹市,"431,029",988,"1,401",618,1.82,"6,477","6,272",0.48,2.3
103,3,1033,嘉義市,"270,826",-15,537,446,0.34,"3,419","3,525",-0.39,-0.05
103,3,1033,福建省,"138,637","2,264",413,164,1.81,"3,829","1,814",14.65,16.46
103,3,1033,金門縣,"126,156","2,209",365,154,1.69,"3,568","1,570",15.97,17.66
103,3,1033,連江縣,"12,481",55,48,10,3.06,261,244,1.37,4.43
103,2,1032,新北市,"3,956,728","17,458","9,189","5,402",0.96,"50,686","37,015",3.46,4.42
103,2,1032,台北市,"2,693,672","16,126","6,855","4,219",0.98,"41,456","27,966",5.01,5.99
103,2,1032,桃園市,"2,708,338","13,765","6,102","3,911",0.81,"36,752","25,178",4.28,5.09
103,2,1032,台中市,"1,883,042","6,077","3,635","3,479",0.08,"20,757","14,836",3.14,3.22
103,2,1032,台南市,"2,777,296","9,806","5,323","4,909",0.15,"34,855","25,463",3.38,3.53
103,2,1032,高雄市,"9,236,587","39,301","18,103","17,859",0.03,"116,049","76,992",4.23,4.26
103,2,1032,台灣省,"458,771","2,594",818,871,-0.12,"7,031","4,384",5.77,5.65
103,2,1032,宜蘭縣,"2,049,009","11,872","4,199","2,875",0.65,"28,850","18,302",5.15,5.8
103,2,1032,新竹縣,"533,851","4,086","1,335",899,0.82,"8,088","4,438",6.84,7.66
103,2,1032,苗栗縣,"566,446","2,332","1,429","1,152",0.49,"6,149","4,094",3.63,4.12
103,2,1032,彰化縣,"1,293,530","1,954","2,794","2,352",0.34,"10,053","8,541",1.17,1.51
103,2,1032,南投縣,"515,784","1,133",824,"1,173",-0.68,"5,246","3,764",2.87,2.19
103,2,1032,雲林縣,"707,282","2,622","1,278","1,790",-0.72,"8,151","5,017",4.43,3.71
103,2,1032,嘉義縣,"526,936","1,061",720,"1,429",-1.34,"5,770","4,000",3.36,2.02
103,2,1032,屏東縣,"850,527","2,467","1,205","1,937",-0.86,"9,897","6,698",3.76,2.9
103,2,1032,台東縣,"225,041","1,301",424,573,-0.66,"3,319","1,869",6.45,5.79
103,2,1032,花蓮縣,"333,630","1,932",590,773,-0.55,"5,712","3,597",6.34,5.79
103,2,1032,澎湖縣,"101,112",640,218,217,0.01,"1,660","1,021",6.32,6.33
103,2,1032,基隆市,"373,786","1,331",501,715,-0.57,"5,540","3,995",4.13,3.56
103,2,1032,新竹市,"430,041","2,985","1,289",627,1.54,"6,732","4,409",5.41,6.95
103,2,1032,嘉義市,"270,841",991,479,476,0.01,"3,851","2,863",3.65,3.66
103,2,1032,福建省,"136,373","2,325",378,186,1.41,"3,685","1,552",15.7,17.11
103,2,1032,金門縣,"123,947","2,125",336,167,1.37,"3,329","1,373",15.84,17.21
103,2,1032,連江縣,"12,426",200,42,19,1.86,356,179,14.31,16.17
103,1,1031,新北市,"3,955,390",461,"8,823","6,045",0.7,"40,576","42,893",-0.59,0.11
103,1,1031,台北市,"2,690,232","3,716","6,688","4,761",0.72,"33,574","31,785",0.66,1.38
103,1,1031,桃園市,"2,705,064","3,403","6,045","4,283",0.65,"32,223","30,582",0.61,1.26
103,1,1031,台中市,"1,883,077",-131,"3,581","3,925",-0.18,"19,238","19,025",0.11,-0.07
103,1,1031,台南市,"2,778,669","-1,208","5,166","5,375",-0.08,"30,866","31,865",-0.36,-0.44
103,1,1031,高雄市,"9,232,555","-1,893","17,975","20,174",-0.24,"91,602","91,296",0.03,-0.21
103,1,1031,台灣省,"458,427",-29,827,"1,067",-0.52,"5,318","5,107",0.46,-0.06
103,1,1031,宜蘭縣,"2,045,811","1,788","4,122","3,303",0.4,"23,226","22,257",0.47,0.87
103,1,1031,新竹縣,"531,723","1,237","1,355","1,049",0.58,"6,087","5,156",1.75,2.33
103,1,1031,苗栗縣,"565,693",139,"1,393","1,394",0,"4,617","4,477",0.25,0.25
103,1,1031,彰化縣,"1,294,911","-1,102","2,776","2,627",0.12,"9,179","10,430",-0.97,-0.85
103,1,1031,南投縣,"516,315",-907,795,"1,337",-1.05,"4,021","4,386",-0.71,-1.76
103,1,1031,雲林縣,"706,958",-834,"1,217","1,922",-1,"5,751","5,880",-0.18,-1.18
103,1,1031,嘉義縣,"527,721","-1,508",692,"1,537",-1.6,"4,292","4,955",-1.26,-2.86
103,1,1031,屏東縣,"851,127","-1,159","1,279","2,139",-1.01,"7,588","7,887",-0.35,-1.36
103,1,1031,台東縣,"224,675",-146,415,664,-1.11,"2,436","2,333",0.46,-0.65
103,1,1031,花蓮縣,"333,639",-258,617,898,-0.84,"4,706","4,683",0.07,-0.77
103,1,1031,澎湖縣,"100,812",412,213,232,-0.19,"1,434","1,003",4.28,4.09
103,1,1031,基隆市,"374,428",-486,480,791,-0.83,"4,428","4,603",-0.47,-1.3
103,1,1031,新竹市,"429,212",729,"1,306",678,1.46,"5,131","5,030",0.24,1.7
103,1,1031,嘉義市,"271,103",231,488,536,-0.18,"3,388","3,109",1.03,0.85
103,1,1031,福建省,"134,607","1,729",383,186,1.46,"3,180","1,648",11.38,12.84
103,1,1031,金門縣,"122,296","1,583",350,165,1.51,"2,842","1,444",11.43,12.94
103,1,1031,連江縣,"12,311",146,33,21,0.97,338,204,10.88,11.85
102,4,1024,新北市,"3,954,929","3,548","9,212","5,231",1.01,"42,886","43,319",-0.11,0.9
102,4,1024,台北市,"2,686,516","4,932","6,842","4,156",1,"35,506","33,260",0.84,1.84
102,4,1024,桃園市,"2,701,661","3,996","6,459","3,801",0.98,"31,207","29,869",0.5,1.48
102,4,1024,台中市,"1,883,208",405,"3,869","3,525",0.18,"17,794","17,733",0.03,0.21
102,4,1024,台南市,"2,779,877",631,"5,700","4,968",0.26,"29,805","29,906",-0.04,0.22
102,4,1024,高雄市,"9,234,448","1,504","19,121","17,475",0.18,"85,610","85,752",-0.02,0.16
102,4,1024,台灣省,"458,456",-124,897,914,-0.04,"4,865","4,972",-0.23,-0.27
102,4,1024,宜蘭縣,"2,044,023","3,394","4,243","2,798",0.71,"24,268","22,319",0.95,1.66
102,4,1024,新竹縣,"530,486","1,311","1,391",860,1,"5,626","4,846",1.47,2.47
102,4,1024,苗栗縣,"565,554",447,"1,451","1,142",0.55,"4,223","4,085",0.24,0.79
102,4,1024,彰化縣,"1,296,013",-647,"3,020","2,336",0.53,"8,250","9,581",-1.03,-0.5
102,4,1024,南投縣,"517,222",-762,848,"1,179",-0.64,"3,660","4,091",-0.83,-1.47
102,4,1024,雲林縣,"707,792",-782,"1,353","1,701",-0.49,"4,919","5,353",-0.61,-1.1
102,4,1024,嘉義縣,"529,229",-775,747,"1,285",-1.02,"3,955","4,192",-0.45,-1.47
102,4,1024,屏東縣,"852,286","-1,321","1,328","1,889",-0.66,"6,287","7,047",-0.89,-1.55
102,4,1024,台東縣,"224,821",-168,437,592,-0.69,"1,924","1,937",-0.06,-0.75
102,4,1024,花蓮縣,"333,897",-142,747,823,-0.23,"3,851","3,917",-0.2,-0.43
102,4,1024,澎湖縣,"100,400",884,229,184,0.45,"1,760",921,8.37,8.82
102,4,1024,基隆市,"374,914",-499,559,716,-0.42,"4,296","4,638",-0.91,-1.33
102,4,1024,新竹市,"428,483",922,"1,335",576,1.77,"4,893","4,730",0.38,2.15
102,4,1024,嘉義市,"270,872",-234,536,480,0.21,"2,833","3,123",-1.07,-0.86
102,4,1024,福建省,"132,878","1,913",401,160,1.82,"2,900","1,228",12.65,14.47
102,4,1024,金門縣,"120,713","1,789",364,152,1.77,"2,625","1,048",13.14,14.91
102,4,1024,連江縣,"12,165",124,37,8,2.39,275,180,7.84,10.23
102,3,1023,新北市,"3,951,381","5,592","8,598","4,941",0.93,"54,622","52,687",0.49,1.42
102,3,1023,台北市,"2,681,584",30,"6,176","3,906",0.85,"43,484","45,724",-0.84,0.01
102,3,1023,桃園市,"2,697,665","3,773","5,781","3,766",0.75,"38,421","36,663",0.65,1.4
102,3,1023,台中市,"1,882,803",277,"3,518","3,366",0.08,"21,410","21,285",0.07,0.15
102,3,1023,台南市,"2,779,246",154,"5,179","4,806",0.13,"37,574","37,793",-0.08,0.05
102,3,1023,高雄市,"9,232,944",-75,"17,699","17,124",0.06,"105,072","105,722",-0.07,-0.01
102,3,1023,台灣省,"458,580",-22,827,903,-0.17,"6,168","6,114",0.12,-0.05
102,3,1023,宜蘭縣,"2,040,629","3,921","3,925","2,677",0.61,"29,725","27,052",1.31,1.92
102,3,1023,新竹縣,"529,175","2,255","1,326",852,0.9,"7,716","5,935",3.37,4.27
102,3,1023,苗栗縣,"565,107",460,"1,355","1,093",0.46,"5,317","5,119",0.35,0.81
102,3,1023,彰化縣,"1,296,660","-1,308","2,782","2,288",0.38,"9,022","10,824",-1.39,-1.01
102,3,1023,南投縣,"517,984",-754,830,"1,109",-0.54,"4,421","4,896",-0.92,-1.46
102,3,1023,雲林縣,"708,574",-917,"1,222","1,736",-0.73,"5,744","6,147",-0.57,-1.3
102,3,1023,嘉義縣,"530,004","-1,022",744,"1,251",-0.96,"4,498","5,013",-0.97,-1.93
102,3,1023,屏東縣,"853,607","-1,738","1,264","1,819",-0.65,"7,528","8,711",-1.38,-2.03
102,3,1023,台東縣,"224,989",-418,399,582,-0.81,"2,460","2,695",-1.04,-1.85
102,3,1023,花蓮縣,"334,039",-429,650,800,-0.45,"5,048","5,327",-0.84,-1.29
102,3,1023,澎湖縣,"99,516",240,208,216,-0.08,"1,521","1,273",2.49,2.41
102,3,1023,基隆市,"375,413",-669,506,710,-0.54,"5,719","6,184",-1.24,-1.78
102,3,1023,新竹市,"427,561",511,"1,189",647,1.27,"6,711","6,742",-0.07,1.2
102,3,1023,嘉義市,"271,106",-185,472,441,0.11,"3,474","3,690",-0.8,-0.69
102,3,1023,福建省,"130,965","2,624",338,137,1.55,"4,004","1,581",18.67,20.22
102,3,1023,金門縣,"118,924","2,354",301,111,1.61,"3,559","1,395",18.36,19.97
102,3,1023,連江縣,"12,041",270,37,26,0.92,445,186,21.66,22.58
102,2,1022,新北市,"3,945,789","2,907","8,273","5,045",0.82,"50,275","50,596",-0.08,0.74
102,2,1022,台北市,"2,681,554","3,783","6,332","3,982",0.88,"40,067","38,634",0.53,1.41
102,2,1022,桃園市,"2,693,892","4,233","5,558","3,669",0.7,"35,135","32,791",0.87,1.57
102,2,1022,台中市,"1,882,526",157,"3,372","3,378",0,"20,338","20,175",0.09,0.09
102,2,1022,台南市,"2,779,092",156,"4,882","4,535",0.12,"33,634","33,825",-0.07,0.05
102,2,1022,高雄市,"9,233,019","-1,607","16,930","16,881",0.01,"97,413","99,069",-0.18,-0.17
102,2,1022,台灣省,"458,602",3,816,838,-0.05,"5,581","5,556",0.05,0
102,2,1022,宜蘭縣,"2,036,708","3,074","3,907","2,638",0.62,"26,785","24,980",0.89,1.51
102,2,1022,新竹縣,"526,920","1,593","1,231",861,0.7,"6,976","5,753",2.32,3.02
102,2,1022,苗栗縣,"564,647",261,"1,233","1,157",0.13,"4,742","4,557",0.33,0.46
102,2,1022,彰化縣,"1,297,968","-1,306","2,580","2,185",0.3,"8,899","10,600",-1.31,-1.01
102,2,1022,南投縣,"518,738",-995,808,"1,108",-0.58,"4,213","4,908",-1.34,-1.92
102,2,1022,雲林縣,"709,491",-778,"1,138","1,630",-0.69,"6,228","6,514",-0.4,-1.09
102,2,1022,嘉義縣,"531,026","-1,515",709,"1,262",-1.04,"4,360","5,322",-1.81,-2.85
102,2,1022,屏東縣,"855,345","-1,672","1,151","1,915",-0.89,"7,303","8,211",-1.06,-1.95
102,2,1022,台東縣,"225,407",-491,372,578,-0.91,"1,990","2,275",-1.26,-2.17
102,2,1022,花蓮縣,"334,468",-404,614,805,-0.57,"4,384","4,597",-0.64,-1.21
102,2,1022,澎湖縣,"99,276",244,211,170,0.41,"1,306","1,103",2.05,2.46
102,2,1022,基隆市,"376,082",-577,513,681,-0.45,"4,973","5,382",-1.09,-1.54
102,2,1022,新竹市,"427,050",905,"1,210",613,1.4,"6,291","5,983",0.72,2.12
102,2,1022,嘉義市,"271,291",51,437,440,-0.01,"3,382","3,328",0.2,0.19
102,2,1022,福建省,"128,341","1,879",345,158,1.46,"3,454","1,762",13.23,14.69
102,2,1022,金門縣,"116,570","1,703",303,139,1.41,"3,144","1,605",13.25,14.66
102,2,1022,連江縣,"11,771",176,42,19,1.97,310,157,13.07,15.04
102,1,1021,新北市,3942882,3577,9832,5529,1.09,41606,42332,-0.18,0.91
102,1,1021,台北市,2677771,4545,7360,4335,1.13,33630,32110,0.57,1.7
102,1,1021,桃園市,2689659,4766,6757,3902,1.06,31527,29616,0.71,1.77
102,1,1021,台中市,1882369,724,4029,3752,0.15,19901,19454,0.24,0.39
102,1,1021,台南市,2778936,277,5865,4968,0.32,31371,31991,-0.22,0.1
102,1,1021,高雄市,9234626,953,20298,18260,0.22,87783,88868,-0.12,0.1
102,1,1021,台灣省,458599,4,955,876,0.17,4846,4921,-0.16,0.01
102,1,1021,宜蘭縣,2033634,3473,4682,2859,0.9,23449,21799,0.81,1.71
102,1,1021,新竹縣,525327,1334,1485,942,1.03,5708,4917,1.51,2.54
102,1,1021,苗栗縣,564386,410,1454,1278,0.31,4491,4257,0.41,0.72
102,1,1021,彰化縣,1299274,-594,3209,2489,0.55,9076,10390,-1.01,-0.46
102,1,1021,南投縣,519733,-463,995,1221,-0.43,4049,4286,-0.46,-0.89
102,1,1021,雲林縣,710269,-722,1413,1758,-0.49,5363,5740,-0.53,-1.02
102,1,1021,嘉義縣,532541,-1182,930,1329,-0.75,4116,4899,-1.47,-2.22
102,1,1021,屏東縣,857017,-1424,1306,1981,-0.79,6808,7557,-0.87,-1.66
102,1,1021,台東縣,225898,-354,449,605,-0.69,2101,2299,-0.88,-1.57
102,1,1021,花蓮縣,334872,-318,646,796,-0.45,4217,4385,-0.5,-0.95
102,1,1021,澎湖縣,99032,189,219,216,0.03,1161,975,1.88,1.91
102,1,1021,基隆市,376659,-494,587,723,-0.36,4051,4409,-0.95,-1.31
102,1,1021,新竹市,426145,1074,1433,697,1.73,5235,4897,0.79,2.52
102,1,1021,嘉義市,271240,20,535,490,0.17,3112,3137,-0.09,0.08
102,1,1021,福建省,126462,2041,387,152,1.87,3273,1467,14.37,16.24
102,1,1021,金門縣,114867,1756,350,142,1.82,2882,1334,13.56,15.38
102,1,1021,連江縣,11595,285,37,10,2.35,391,133,22.41,24.76
101,4,1014,新北市,3939305,6244,11818,4935,1.75,42281,42920,-0.16,1.59
101,4,1014,台北市,2673226,7394,8680,3976,1.76,35063,32373,1.01,2.77
101,4,1014,桃園市,2684893,5721,8308,3582,1.76,30277,29282,0.37,2.13
101,4,1014,台中市,1881645,2001,5229,3376,0.99,17495,17347,0.08,1.07
101,4,1014,台南市,2778659,2109,7232,4483,0.99,29860,30500,-0.23,0.76
101,4,1014,高雄市,9233673,7050,24844,16527,0.9,82619,83886,-0.14,0.76
101,4,1014,台灣省,458595,163,1107,921,0.41,5117,5140,-0.05,0.36
101,4,1014,宜蘭縣,2030161,4445,5631,2517,1.54,22330,20999,0.66,2.2
101,4,1014,新竹縣,523993,1617,1696,807,1.7,5395,4667,1.39,3.09
101,4,1014,苗栗縣,563976,963,1743,1061,1.21,4181,3900,0.5,1.71
101,4,1014,彰化縣,1299868,422,3982,2137,1.42,8047,9470,-1.09,0.33
101,4,1014,南投縣,520196,-178,1210,1078,0.25,3718,4028,-0.6,-0.35
101,4,1014,雲林縣,710991,-50,1870,1624,0.35,4735,5031,-0.42,-0.07
101,4,1014,嘉義縣,533723,-455,1130,1236,-0.2,4515,4864,-0.65,-0.85
101,4,1014,屏東縣,858441,-982,1795,1878,-0.1,5936,6835,-1.05,-1.15
101,4,1014,台東縣,226252,-369,520,635,-0.51,1813,2067,-1.12,-1.63
101,4,1014,花蓮縣,335190,-141,807,801,0.02,3617,3764,-0.44,-0.42
101,4,1014,澎湖縣,98843,739,272,196,0.77,1588,925,6.71,7.48
101,4,1014,基隆市,377153,-384,718,668,0.13,4070,4504,-1.15,-1.02
101,4,1014,新竹市,425071,1379,1790,559,2.9,4722,4574,0.35,3.25
101,4,1014,嘉義市,271220,-119,573,409,0.6,2835,3118,-1.04,-0.44
101,4,1014,福建省,124421,2633,442,157,2.31,3443,1095,18.99,21.3
101,4,1014,金門縣,113111,2260,398,149,2.21,2979,968,17.88,20.09
101,4,1014,連江縣,11310,373,44,8,3.22,464,127,30.1,33.32
101,3,1013,新北市,3933061,16610,29029,15345,3.49,156566,153640,0.75,4.23
101,3,1013,台北市,2665832,14864,20818,12603,3.09,130931,124282,2.5,5.59
101,3,1013,桃園市,2679172,14778,20016,11435,3.21,108457,102260,2.32,5.53
101,3,1013,台中市,1879644,2684,12523,10495,1.08,26944,62288,0.35,1.43
101,3,1013,台南市,2776550,2080,17731,14462,1.18,108692,109881,-0.43,0.75
101,3,1013,高雄市,9226623,-1507,61668,52422,1,297749,308052,-1.12,-0.11
101,3,1013,台灣省,458432,-629,2823,2555,0.58,17020,17917,-1.96,-1.37
101,3,1013,宜蘭縣,2025716,12411,14235,8460,2.86,80450,73814,3.29,6.15
101,3,1013,新竹縣,522376,4735,4508,2583,3.7,19944,17134,5.4,9.11
101,3,1013,苗栗縣,563013,1003,4464,3471,1.77,14320,14310,0.02,1.78
101,3,1013,彰化縣,1299446,-3593,9676,7233,1.88,28479,34515,-4.64,-2.76
101,3,1013,南投縣,520374,-2433,2846,3464,-1.18,13504,15319,-3.48,-4.66
101,3,1013,雲林縣,711041,-2515,4297,5056,-1.07,18462,20218,-2.47,-3.53
101,3,1013,嘉義縣,534178,-3754,2759,3851,-2.04,13876,16548,-4.98,-7.02
101,3,1013,屏東縣,859423,-5106,4490,5849,-1.58,22982,26729,-4.35,-5.92
101,3,1013,台東縣,226621,-1669,1338,1790,-1.99,6497,7714,-5.35,-7.34
101,3,1013,花蓮縣,335331,-1507,1975,2366,-1.16,13490,14606,-3.32,-4.48
101,3,1013,澎湖縣,98104,947,706,632,0.76,4422,3549,8.94,9.7
101,3,1013,基隆市,377537,-2390,1681,2013,-0.88,14930,16988,-5.43,-6.31
101,3,1013,新竹市,423692,3640,4371,1808,6.08,18750,17673,2.55,8.63
101,3,1013,嘉義市,271339,-187,1499,1291,0.77,10623,11018,-1.46,-0.69
101,3,1013,福建省,121788,7799,1143,453,5.85,11629,4520,60.3,66.16
101,3,1013,金門縣,110851,6968,1033,422,5.69,10305,3948,59.21,64.9
101,3,1013,連江縣,10937,831,110,31,7.51,1324,572,71.47,78.98
101,2,1012,新北市,3926188,9737,18999,10321,2.21,99845,98786,0.27,2.48
101,2,1012,台北市,2663263,12295,13743,8567,1.95,83911,76792,2.68,4.63
101,2,1012,桃園市,2674359,9965,13333,7805,2.07,69696,65259,1.66,3.73
101,2,1012,台中市,1878795,1835,8135,7072,0.57,41022,40250,0.41,0.98
101,2,1012,台南市,2775482,1012,11727,9720,0.72,68878,69873,-0.36,0.36
101,2,1012,高雄市,9225260,-2420,40817,35765,0.55,189623,197095,-0.81,-0.26
101,2,1012,台灣省,458616,-445,1911,1732,0.39,10285,10909,-1.36,-0.97
101,2,1012,宜蘭縣,2020103,6798,9430,5837,1.78,49701,46496,1.59,3.37
101,2,1012,新竹縣,520234,2593,3005,1793,2.34,12350,10969,2.66,5
101,2,1012,苗栗縣,562684,674,2950,2420,0.94,9226,9082,0.26,1.2
101,2,1012,彰化縣,1300618,-2421,6343,4897,1.11,18914,22781,-2.97,-1.86
101,2,1012,南投縣,521218,-1589,1885,2356,-0.9,8890,10008,-2.14,-3.04
101,2,1012,雲林縣,711887,-1669,2853,3484,-0.89,12352,13390,-1.46,-2.34
101,2,1012,嘉義縣,535045,-2897,1834,2629,-1.48,8999,11101,-3.92,-5.4
101,2,1012,屏東縣,861373,-3156,2940,3896,-1.11,15044,17244,-2.55,-3.66
101,2,1012,台東縣,227194,-1096,882,1203,-1.41,4129,4904,-3.4,-4.81
101,2,1012,花蓮縣,336020,-818,1309,1604,-0.88,8697,9220,-1.55,-2.43
101,2,1012,澎湖縣,97724,567,465,451,0.14,2692,2139,5.68,5.82
101,2,1012,基隆市,378301,-1626,1121,1361,-0.63,9304,10690,-3.66,-4.29
101,2,1012,新竹市,422554,2502,2883,1250,3.88,12082,11213,2.06,5.94
101,2,1012,嘉義市,271689,163,1006,852,0.57,6958,6949,0.03,0.6
101,2,1012,福建省,118400,4411,754,304,3.87,6986,3025,34.09,37.96
101,2,1012,金門縣,108147,4264,686,284,3.79,6452,2590,36.43,40.22
101,2,1012,連江縣,10253,147,68,20,4.72,534,435,9.73,14.44
101,1,1011,新北市,3920761,4310,9115,5402,0.95,47645,47048,0.15,1.1
101,1,1011,台北市,2656512,5544,6559,4527,0.76,40129,36617,1.32,2.09
101,1,1011,桃園市,2668799,4405,6447,4135,0.87,34156,32063,0.78,1.65
101,1,1011,台中市,1877778,818,4008,3749,0.14,21376,20817,0.3,0.44
101,1,1011,台南市,2774586,116,5702,5052,0.23,34785,35319,-0.19,0.04
101,1,1011,高雄市,9224343,-3337,19894,18762,0.12,92986,97455,-0.48,-0.36
101,1,1011,台灣省,458611,-450,930,898,0.07,4918,5400,-1.05,-0.98
101,1,1011,宜蘭縣,2015933,2628,4608,3092,0.75,23650,22538,0.55,1.3
101,1,1011,新竹縣,518831,1190,1471,912,1.08,6018,5387,1.22,2.29
101,1,1011,苗栗縣,562259,249,1404,1321,0.15,4608,4442,0.3,0.44
101,1,1011,彰化縣,1301506,-1533,3103,2573,0.41,9781,11844,-1.59,-1.18
101,1,1011,南投縣,521902,-905,919,1198,-0.53,4205,4831,-1.2,-1.73
101,1,1011,雲林縣,712747,-809,1414,1865,-0.63,6096,6454,-0.5,-1.14
101,1,1011,嘉義縣,536373,-1569,879,1377,-0.93,4486,5557,-2,-2.93
101,1,1011,屏東縣,862946,-1583,1444,1991,-0.63,7936,8972,-1.2,-1.83
101,1,1011,台東縣,227772,-518,447,626,-0.79,2121,2460,-1.49,-2.27
101,1,1011,花蓮縣,336485,-353,637,829,-0.57,4536,4697,-0.48,-1.05
101,1,1011,澎湖縣,97452,295,227,243,-0.16,1402,1091,3.19,3.03
101,1,1011,基隆市,379021,-906,521,721,-0.53,4217,4923,-1.86,-2.39
101,1,1011,新竹市,421041,989,1383,665,1.71,5644,5373,0.64,2.35
101,1,1011,嘉義市,271464,-62,507,451,0.21,3368,3486,-0.43,-0.23
101,1,1011,福建省,116489,2500,354,169,1.59,3777,1462,19.87,21.46
101,1,1011,金門縣,106358,2475,322,160,1.52,3550,1237,21.75,23.27
101,1,1011,連江縣,10131,25,32,9,2.27,227,225,0.2,2.47
100,4,1004,新北市,3916451,6365,9820,4736,1.3,40420,39139,0.33,1.63
100,4,1004,台北市,2650968,10869,6712,3698,1.14,34921,27066,2.96,4.1
100,4,1004,桃園市,2664394,4566,6773,3586,1.2,27855,26476,0.52,1.71
100,4,1004,台中市,1876960,929,4049,3377,0.36,16779,16522,0.14,0.49
100,4,1004,台南市,2774470,1313,5936,4495,0.52,27434,27562,-0.05,0.47
100,4,1004,高雄市,9227680,1056,20667,16395,0.46,78004,81220,-0.35,0.11
100,4,1004,台灣省,459061,-271,961,835,0.27,4096,4493,-0.86,-0.59
100,4,1004,宜蘭縣,2013305,3137,4891,2559,1.16,20332,19527,0.4,1.56
100,4,1004,新竹縣,517641,991,1514,791,1.4,4995,4727,0.52,1.91
100,4,1004,苗栗縣,562010,715,1375,996,0.67,4286,3950,0.6,1.27
100,4,1004,彰化縣,1303039,-153,3246,2252,0.76,8285,9432,-0.88,-0.12
100,4,1004,南投縣,522807,-684,911,1080,-0.32,3661,4176,-0.99,-1.31
100,4,1004,雲林縣,713556,-689,1476,1595,-0.17,4806,5376,-0.8,-0.97
100,4,1004,嘉義縣,537942,-837,887,1207,-0.59,3845,4362,-0.96,-1.56
100,4,1004,屏東縣,864529,-1616,1438,1993,-0.64,5836,6897,-1.23,-1.87
100,4,1004,台東縣,228290,-341,452,525,-0.32,1704,1972,-1.17,-1.49
100,4,1004,花蓮縣,336838,-140,765,746,0.06,3542,3701,-0.47,-0.41
100,4,1004,澎湖縣,97157,378,253,217,0.37,1195,853,3.52,3.89
100,4,1004,基隆市,379927,-720,516,661,-0.38,4061,4636,-1.51,-1.9
100,4,1004,新竹市,420052,1518,1505,549,2.28,4919,4357,1.34,3.61
100,4,1004,嘉義市,271526,-232,477,389,0.32,2441,2761,-1.18,-0.85
100,4,1004,福建省,113989,1867,325,128,1.73,2723,1053,14.65,16.38
100,4,1004,金門縣,103883,1819,295,113,1.75,2544,907,15.76,17.51
100,4,1004,連江縣,10106,48,30,15,1.48,179,146,3.27,4.75
100,3,1003,新北市,3910086,6341,8877,4510,1.12,58237,56263,0.5,1.62
100,3,1003,台北市,2640099,33652,6644,3649,1.13,49978,19321,11.61,12.74
100,3,1003,桃園市,2659828,17044,6100,3335,1.04,38498,24219,5.37,6.41
100,3,1003,台中市,1876031,8958,3610,3233,0.2,23074,14493,4.57,4.77
100,3,1003,台南市,2773157,13604,5572,4410,0.42,40233,27791,4.49,4.91
100,3,1003,高雄市,9226624,63869,19533,15798,0.4,106853,46719,6.52,6.92
100,3,1003,台灣省,459332,2635,898,796,0.22,6073,3540,5.51,5.73
100,3,1003,宜蘭縣,2010168,18103,4588,2353,1.11,29481,13613,7.89,9
100,3,1003,新竹縣,516650,5565,1374,760,1.19,7283,2332,9.58,10.77
100,3,1003,苗栗縣,561295,3756,1371,1005,0.65,5241,1851,6.04,6.69
100,3,1003,彰化縣,1303192,5495,3170,2157,0.78,9968,5486,3.44,4.22
100,3,1003,南投縣,523491,2715,873,1084,-0.4,4535,1609,5.59,5.19
100,3,1003,雲林縣,714245,3535,1333,1498,-0.23,5980,2280,5.18,4.95
100,3,1003,嘉義縣,538779,3152,952,1181,-0.43,4718,1337,6.28,5.85
100,3,1003,屏東縣,866145,3388,1364,1861,-0.57,7813,3928,4.49,3.92
100,3,1003,台東縣,228631,1388,430,580,-0.66,2415,877,6.73,6.07
100,3,1003,花蓮縣,336978,2221,640,759,-0.35,5105,2765,6.94,6.59
100,3,1003,澎湖縣,96779,1198,201,194,0.07,1559,368,12.31,12.38
100,3,1003,基隆市,380647,2712,506,617,-0.29,5743,2920,7.42,7.13
100,3,1003,新竹市,418534,5320,1331,527,1.92,7198,2682,10.79,12.71
100,3,1003,嘉義市,271758,2686,502,426,0.28,3741,1131,9.6,9.88
100,3,1003,福建省,112122,3376,351,153,1.77,3725,547,28.34,30.11
100,3,1003,金門縣,102064,3133,317,138,1.75,3470,516,28.94,30.69
100,3,1003,連江縣,10058,243,34,15,1.89,255,31,22.27,24.16
100,2,1002,新北市,3903745,5515,1266,1684,-0.11,18495,18001,0.13,1.41
100,2,1002,台北市,2635766,32649,5997,4001,0.76,45751,15098,11.63,12.39
100,2,1002,桃園市,2655456,15324,5701,3782,0.72,36502,23097,5.05,5.77
100,2,1002,台中市,1874724,8786,3433,3391,0.02,22968,14224,4.66,4.68
100,2,1002,台南市,2772461,11203,5001,4785,0.08,36824,25837,3.96,4.04
100,2,1002,高雄市,9228624,54570,18301,17285,0.11,97639,44085,5.8,5.91
100,2,1002,台灣省,459349,1886,837,878,-0.09,4857,2930,4.2,4.11
100,2,1002,宜蘭縣,2005795,15422,4481,2744,0.87,25805,12120,6.82,7.69
100,2,1002,新竹縣,515044,4942,1334,885,0.87,6653,2160,8.72,9.59
100,2,1002,苗栗縣,560813,3059,1186,1173,0.02,4965,1919,5.43,5.45
100,2,1002,彰化縣,1304216,4635,2737,2363,0.29,9567,5306,3.27,3.56
100,2,1002,南投縣,524426,2364,851,1122,-0.52,4371,1736,5.02,4.5
100,2,1002,雲林縣,715288,3360,1334,1656,-0.45,6271,2589,5.15,4.7
100,2,1002,嘉義縣,540059,2863,846,1240,-0.73,4836,1579,6.03,5.3
100,2,1002,屏東縣,868827,2788,1270,1921,-0.75,7310,3871,3.96,3.21
100,2,1002,台東縣,229420,1236,405,600,-0.85,2299,868,6.24,5.39
100,2,1002,花蓮縣,337557,1670,593,788,-0.58,4531,2666,5.52,4.94
100,2,1002,澎湖縣,96597,645,163,234,-0.74,1059,343,7.41,6.67
100,2,1002,基隆市,381770,2410,479,675,-0.51,5103,2497,6.83,6.32
100,2,1002,新竹市,417335,4722,1323,596,1.74,6460,2465,9.57,11.31
100,2,1002,嘉義市,272128,2568,462,410,0.19,3552,1036,9.25,9.44
100,2,1002,福建省,109701,2446,303,138,1.5,2793,512,20.79,22.29
100,2,1002,金門縣,99691,2244,262,126,1.36,2606,498,21.15,22.51
100,2,1002,連江縣,10010,202,41,12,2.9,187,14,17.28,20.18
100,1,1001,新北市,3898230,31712,7201,5601,0.41,50065,19953,7.72,8.13
100,1,1001,台北市,2627677,32223,5779,4640,0.43,45257,14173,11.83,12.26
100,1,1001,桃園市,2651152,13818,5453,4212,0.47,35153,22576,4.74,5.21
100,1,1001,台中市,1872933,6220,3116,3940,-0.44,21820,14776,3.76,3.32
100,1,1001,台南市,2772834,10446,4902,5155,-0.09,36206,25507,3.86,3.77
100,1,1001,高雄市,9234896,49314,17739,19375,-0.18,91862,40912,5.52,5.34
100,1,1001,台灣省,460036,1998,848,981,-0.29,5018,2887,4.63,4.34
100,1,1001,宜蘭縣,2002925,13532,4081,3222,0.43,23514,10841,6.33,6.76
100,1,1001,新竹縣,513838,4142,1259,1022,0.46,5962,2057,7.6,8.06
100,1,1001,苗栗縣,560802,2814,1152,1351,-0.35,4771,1758,5.37,5.02
100,1,1001,彰化縣,1305744,4319,2680,2577,0.08,10107,5891,3.23,3.31
100,1,1001,南投縣,525553,2196,842,1292,-0.86,4202,1556,5.03,4.17
100,1,1001,雲林縣,716457,3102,1299,1729,-0.6,5717,2185,4.93,4.33
100,1,1001,嘉義縣,541637,2587,892,1417,-0.97,4523,1411,5.75,4.78
100,1,1001,屏東縣,871462,2840,1282,2098,-0.94,7628,3972,4.2,3.26
100,1,1001,台東縣,230140,1234,459,624,-0.72,2200,801,6.08,5.36
100,1,1001,花蓮縣,338276,1720,605,844,-0.71,4234,2275,5.79,5.08
100,1,1001,澎湖縣,96789,639,193,265,-0.74,1013,302,7.35,6.61
100,1,1001,基隆市,382865,2011,474,772,-0.78,4301,1992,6.03,5.25
100,1,1001,新竹市,416191,3964,1210,667,1.3,5492,2071,8.22,9.52
100,1,1001,嘉義市,272181,2216,463,514,-0.19,3180,913,8.33,8.14
100,1,1001,福建省,108156,1826,307,180,1.17,2138,439,15.71,16.88
100,1,1001,金門縣,98186,1628,280,173,1.09,1927,406,15.49,16.58
100,1,1001,連江縣,9970,198,27,7,2.01,211,33,17.85,19.86
99,4,994,台北市,2618772,9849,5155,3834,0.5,42334,33806,3.26,3.76
99,4,994,高雄市,1529947,502,3009,2351,0.43,18739,18895,-0.1,0.33
99,4,994,台灣省,18906096,4422,35615,30468,0.27,191877,192602,-0.04,0.23
99,4,994,新北市,3897367,4764,7155,4645,0.64,46787,44533,0.58,1.22
99,4,994,宜蘭縣,460486,-193,918,856,0.13,4477,4732,-0.55,-0.42
99,4,994,桃園縣,2002060,-258,4070,2617,0.73,21452,23163,-0.85,-0.13
99,4,994,新竹縣,513015,918,1275,842,0.84,5283,4798,0.95,1.79
99,4,994,苗栗縣,560968,411,1174,1054,0.21,4584,4293,0.52,0.73
99,4,994,台中縣,1566120,1543,3209,2250,0.61,13858,13274,0.37,0.99
99,4,994,彰化縣,1307286,-557,2704,2208,0.38,9081,10134,-0.81,-0.43
99,4,994,南投縣,526491,-808,889,1017,-0.24,3554,4234,-1.29,-1.53
99,4,994,雲林縣,717653,-401,1375,1582,-0.29,5563,5757,-0.27,-0.56
99,4,994,嘉義縣,543248,-605,902,1328,-0.78,4570,4749,-0.33,-1.11
99,4,994,台南縣,1101521,-345,1723,2220,-0.45,8516,8364,0.14,-0.31
99,4,994,高雄縣,1243536,204,2025,2259,-0.19,11922,11484,0.35,0.16
99,4,994,屏東縣,873509,-1870,1348,1844,-0.57,6635,8009,-1.57,-2.14
99,4,994,台東縣,230673,-268,488,580,-0.4,1883,2059,-0.76,-1.16
99,4,994,花蓮縣,338805,-490,631,818,-0.55,3928,4231,-0.89,-1.45
99,4,994,澎湖縣,96918,430,178,210,-0.33,1357,895,4.77,4.44
99,4,994,基隆市,384134,-820,529,695,-0.43,4622,5276,-1.7,-2.13
99,4,994,新竹市,415344,1021,1220,529,1.66,5143,4813,0.79,2.46
99,4,994,台中市,1082299,1682,1997,1322,0.62,16925,15918,0.93,1.55
99,4,994,嘉義市,272390,-321,442,440,0.01,3055,3378,-1.19,-1.18
99,4,994,台南市,772273,385,1363,1152,0.27,8682,8508,0.23,0.5
99,4,994,福建省,107308,1260,329,147,1.7,2257,1179,10.05,11.74
99,4,994,金門縣,97364,1273,305,137,1.73,2104,999,11.35,13.07
99,4,994,連江縣,9944,-13,24,10,1.41,153,180,-2.72,-1.31
99,3,993,台北市,2608923,6055,4506,3776,0.28,53348,48023,2.04,2.32
99,3,993,高雄市,1529445,1318,2630,2374,0.17,24048,22986,0.69,0.86
99,3,993,台灣省,18901674,-638,32663,29889,0.15,259457,262869,-0.18,-0.03
99,3,993,新北市,3892603,11860,6463,4505,0.5,66392,56490,2.54,3.04
99,3,993,宜蘭縣,460679,75,874,811,0.14,6447,6435,0.03,0.17
99,3,993,桃園縣,2002318,-14729,3758,2439,0.66,29033,45081,-8.01,-7.35
99,3,993,新竹縣,512097,2295,1205,809,0.77,8393,6494,3.71,4.48
99,3,993,苗栗縣,560557,636,1052,1064,-0.02,6182,5534,1.16,1.14
99,3,993,台中縣,1564577,2695,2859,2185,0.43,18019,15998,1.29,1.72
99,3,993,彰化縣,1307843,-1083,2539,2177,0.28,10978,12423,-1.1,-0.82
99,3,993,南投縣,527299,-984,808,1075,-0.51,4800,5517,-1.36,-1.87
99,3,993,雲林縣,718054,-617,1246,1555,-0.43,7741,8049,-0.43,-0.86
99,3,993,嘉義縣,543853,-929,843,1192,-0.64,5767,6347,-1.07,-1.71
99,3,993,台南縣,1101866,-193,1620,2256,-0.58,11071,10628,0.4,-0.18
99,3,993,高雄縣,1243332,777,1863,2278,-0.33,15490,14298,0.96,0.63
99,3,993,屏東縣,875379,-2683,1254,1906,-0.74,8805,10836,-2.32,-3.06
99,3,993,台東縣,230941,-796,410,536,-0.55,2572,3242,-2.9,-3.45
99,3,993,花蓮縣,339295,-376,560,753,-0.57,5560,5743,-0.54,-1.11
99,3,993,澎湖縣,96488,100,161,222,-0.63,1489,1328,1.67,1.04
99,3,993,基隆市,384954,-915,499,665,-0.43,6411,7160,-1.95,-2.38
99,3,993,新竹市,414323,1430,1133,538,1.44,7348,6513,2.02,3.46
99,3,993,台中市,1080617,2594,1883,1332,0.51,21914,19871,1.89,2.4
99,3,993,嘉義市,272711,-171,415,466,-0.19,4039,4159,-0.44,-0.63
99,3,993,台南市,771888,376,1218,1125,0.12,11006,10723,0.37,0.49
99,3,993,福建省,106048,974,267,126,1.33,2401,1568,7.85,9.18
99,3,993,金門縣,96091,946,241,114,1.32,2138,1319,8.52,9.84
99,3,993,連江縣,9957,28,26,12,1.41,263,249,1.41,2.82
99,2,992,台北市,2602868,-1876,4230,3807,0.16,45407,47706,-0.88,-0.72
99,2,992,高雄市,1528127,-179,2479,2148,0.22,22793,23303,-0.33,-0.11
99,2,992,台灣省,18902312,8986,32020,29138,0.15,268695,262591,0.32,0.47
99,2,992,新北市,3880743,-1296,6605,4507,0.54,61739,65133,-0.87,-0.33
99,2,992,宜蘭縣,460604,-1179,795,827,-0.07,4915,6062,-2.49,-2.56
99,2,992,桃園縣,2017047,34086,3793,2476,0.65,58295,25526,16.25,16.9
99,2,992,新竹縣,509802,-2050,1263,837,0.84,6339,8815,-4.86,-4.02
99,2,992,苗栗縣,559921,-1701,935,1020,-0.15,4959,6575,-2.89,-3.04
99,2,992,台中縣,1561882,-775,2723,2233,0.31,16891,18156,-0.81,-0.5
99,2,992,彰化縣,1308926,-2775,2498,2204,0.22,9888,12957,-2.34,-2.12
99,2,992,南投縣,528283,-1915,817,1011,-0.37,4526,6247,-3.26,-3.63
99,2,992,雲林縣,718671,-3113,1184,1479,-0.41,6109,8927,-3.92,-4.33
99,2,992,嘉義縣,544782,-2119,785,1188,-0.74,4902,6618,-3.15,-3.89
99,2,992,台南縣,1102059,-1458,1502,2017,-0.47,10975,11918,-0.86,-1.33
99,2,992,高雄縣,1242555,-430,1786,2086,-0.24,15398,15528,-0.1,-0.34
99,2,992,屏東縣,878062,-3323,1255,1759,-0.57,7755,10574,-3.21,-3.78
99,2,992,台東縣,231737,-951,405,569,-0.71,2138,2925,-3.4,-4.11
99,2,992,花蓮縣,339671,-1123,544,774,-0.68,4762,5655,-2.63,-3.31
99,2,992,澎湖縣,96388,-71,152,206,-0.56,1065,1082,-0.18,-0.74
99,2,992,基隆市,385869,-1755,553,652,-0.26,5365,7021,-4.29,-4.55
99,2,992,新竹市,412893,43,1132,518,1.49,6358,6929,-1.38,0.11
99,2,992,台中市,1078023,1862,1703,1307,0.37,21625,20159,1.36,1.73
99,2,992,嘉義市,272882,-835,432,411,0.08,3580,4436,-3.14,-3.06
99,2,992,台南市,771512,-136,1158,1057,0.13,11111,11348,-0.31,-0.18
99,2,992,福建省,105074,357,266,125,1.34,1806,1590,2.06,3.4
99,2,992,金門縣,95145,444,238,114,1.3,1678,1358,3.36,4.66
99,2,992,連江縣,9929,-87,28,11,1.71,128,232,-10.47,-8.76
99,1,991,台北市,2604744,-2684,4639,3981,0.25,36179,39521,-1.28,-1.03
99,1,991,高雄市,1528306,392,2726,2340,0.25,20140,20134,0,0.25
99,1,991,台灣省,18893326,12618,36062,31137,0.26,222154,214461,0.41,0.67
99,1,991,新北市,3882039,8386,7394,4747,0.68,51742,46003,1.48,2.16
99,1,991,宜蘭縣,461783,158,861,874,-0.03,5736,5565,0.37,0.34
99,1,991,桃園縣,1982961,4179,4217,2651,0.79,25411,22798,1.32,2.11
99,1,991,新竹縣,511852,970,1288,895,0.77,6194,5617,1.13,1.9
99,1,991,苗栗縣,561622,-122,1037,1164,-0.23,5217,5212,0.01,-0.22
99,1,991,台中縣,1562657,531,3138,2348,0.51,15309,15568,-0.17,0.34
99,1,991,彰化縣,1311701,-766,2842,2345,0.38,10574,11837,-0.96,-0.58
99,1,991,南投縣,530198,-626,906,1151,-0.46,4869,5250,-0.72,-1.18
99,1,991,雲林縣,721784,-1011,1252,1663,-0.57,6644,7244,-0.83,-1.4
99,1,991,嘉義縣,546901,-815,955,1262,-0.56,5564,6072,-0.93,-1.49
99,1,991,台南縣,1103517,-829,1669,2262,-0.54,10128,10364,-0.21,-0.75
99,1,991,高雄縣,1242985,12,2166,2165,0,12853,12842,0.01,0.01
99,1,991,屏東縣,881385,-1255,1404,1901,-0.56,8949,9707,-0.86,-1.42
99,1,991,台東縣,232688,191,419,591,-0.74,3082,2719,1.56,0.82
99,1,991,花蓮縣,340794,-170,606,754,-0.43,4854,4876,-0.06,-0.49
99,1,991,澎湖縣,96459,249,171,210,-0.4,1397,1109,2.99,2.59
99,1,991,基隆市,387624,-697,610,653,-0.11,5039,5693,-1.69,-1.8
99,1,991,新竹市,412850,1263,1258,595,1.61,6159,5559,1.45,3.06
99,1,991,台中市,1076161,2526,2025,1363,0.62,18641,16777,1.73,2.35
99,1,991,嘉義市,273717,-144,485,426,0.22,3865,4068,-0.74,-0.52
99,1,991,台南市,771648,588,1359,1117,0.31,9927,9581,0.45,0.76
99,1,991,福建省,104717,995,290,131,1.52,2264,1428,7.98,9.5
99,1,991,金門縣,94701,898,269,116,1.62,1947,1202,7.87,9.49
99,1,991,連江縣,10016,97,21,15,0.6,317,226,9.09,9.69
98,4,984,台北市,2607428,-1168,5367,3650,0.66,35130,38015,-1.11,-0.45
98,4,984,高雄市,1527914,1117,3114,2291,0.54,19788,19494,0.19,0.73
98,4,984,台灣省,18880708,31432,44526,29564,0.79,205551,189081,0.87,1.66
98,4,984,新北市,3873653,11013,8981,4448,1.17,48978,42498,1.67,2.84
98,4,984,宜蘭縣,461625,422,1018,844,0.38,5113,4865,0.54,0.92
98,4,984,桃園縣,1978782,6147,5208,2432,1.4,22699,19328,1.7,3.1
98,4,984,新竹縣,510882,1999,1672,808,1.69,5678,4543,2.22,3.91
98,4,984,苗栗縣,561744,647,1253,1054,0.35,4797,4349,0.8,1.15
98,4,984,台中縣,1562126,2062,3878,2167,1.1,14518,14167,0.22,1.32
98,4,984,彰化縣,1312467,938,3489,2177,1,9340,9714,-0.28,0.72
98,4,984,南投縣,530824,69,1103,1039,0.12,4217,4212,0.01,0.13
98,4,984,雲林縣,722795,188,1707,1609,0.14,6248,6158,0.12,0.26
98,4,984,嘉義縣,547716,531,1169,1214,-0.08,5220,4644,1.05,0.97
98,4,984,台南縣,1104346,278,2245,2175,0.06,9650,9442,0.19,0.25
98,4,984,高雄縣,1242973,1053,2693,2160,0.43,12573,12053,0.42,0.85
98,4,984,屏東縣,882640,129,1732,1910,-0.2,8474,8167,0.35,0.15
98,4,984,台東縣,232497,262,511,603,-0.4,2322,1968,1.52,1.12
98,4,984,花蓮縣,340964,89,715,745,-0.09,3991,3872,0.35,0.26
98,4,984,澎湖縣,96210,765,224,163,0.63,1551,847,7.32,7.95
98,4,984,基隆市,388321,-155,685,655,0.08,4833,5018,-0.48,-0.4
98,4,984,新竹市,411587,1676,1486,554,2.26,5659,4915,1.81,4.07
98,4,984,台中市,1073635,2518,2496,1275,1.14,17373,16076,1.21,2.35
98,4,984,嘉義市,273861,-15,604,434,0.62,3187,3372,-0.68,-0.06
98,4,984,台南市,771060,816,1657,1098,0.72,9130,8873,0.33,1.05
98,4,984,福建省,103722,1950,336,131,1.98,2886,1141,16.82,18.8
98,4,984,金門縣,93803,1913,304,117,1.99,2701,975,18.4,20.39
98,4,984,連江縣,9919,37,32,14,1.81,185,166,1.92,3.73
98,3,983,台北市,2608596,-7924,4740,3789,0.36,47816,56691,-3.4,-3.04
98,3,983,高雄市,1526797,377,2804,2242,0.37,25093,25278,-0.12,0.25
98,3,983,台灣省,18849276,22140,39334,28886,0.55,256222,244530,0.62,1.17
98,3,983,新北市,3862640,13148,7980,4298,0.95,65278,55812,2.45,3.4
98,3,983,宜蘭縣,461203,-258,899,762,0.3,7416,7811,-0.86,-0.56
98,3,983,桃園縣,1972635,5597,4516,2334,1.11,29649,26234,1.73,2.84
98,3,983,新竹縣,508883,2337,1506,728,1.53,7496,5937,3.06,4.59
98,3,983,苗栗縣,561097,516,1202,996,0.37,5573,5263,0.55,0.92
98,3,983,台中縣,1560064,886,3313,2020,0.83,16561,16968,-0.26,0.57
98,3,983,彰化縣,1311529,-636,2959,2131,0.63,10231,11695,-1.12,-0.49
98,3,983,南投縣,530755,-552,939,979,-0.08,4905,5417,-0.96,-1.04
98,3,983,雲林縣,722607,-458,1492,1564,-0.1,6710,7096,-0.53,-0.63
98,3,983,嘉義縣,547185,-365,1079,1216,-0.25,5809,6037,-0.42,-0.67
98,3,983,台南縣,1104068,279,2018,2104,-0.08,11328,10963,0.33,0.25
98,3,983,高雄縣,1241920,-732,2413,2567,-0.12,14810,15388,-0.47,-0.59
98,3,983,屏東縣,882511,-564,1615,1780,-0.19,9740,10139,-0.45,-0.64
98,3,983,台東縣,232235,164,509,578,-0.3,3083,2850,1,0.7
98,3,983,花蓮縣,340875,-28,627,795,-0.49,5381,5241,0.41,-0.08
98,3,983,澎湖縣,95445,559,193,203,-0.1,1756,1187,5.96,5.86
98,3,983,基隆市,388476,-227,656,625,0.08,6889,7147,-0.66,-0.58
98,3,983,新竹市,409911,1445,1362,505,2.09,7215,6627,1.43,3.52
98,3,983,台中市,1071117,972,2096,1219,0.82,21040,20945,0.09,0.91
98,3,983,嘉義市,273876,-295,506,405,0.37,4069,4465,-1.45,-1.08
98,3,983,台南市,770244,352,1454,1077,0.49,11283,11308,-0.03,0.46
98,3,983,福建省,101772,2503,288,126,1.59,3577,1236,23,24.59
98,3,983,金門縣,91890,2419,266,116,1.63,3266,997,24.69,26.32
98,3,983,連江縣,9882,84,22,10,1.21,311,239,7.29,8.5
98,2,982,台北市,2616520,-3400,3988,3826,0.06,40848,44410,-1.36,-1.3
98,2,982,高雄市,1526420,-174,2264,2192,0.05,22163,22409,-0.16,-0.11
98,2,982,台灣省,18827136,11125,32901,28547,0.23,234671,227900,0.36,0.59
98,2,982,新北市,3849492,5702,6494,4468,0.53,55164,51488,0.95,1.48
98,2,982,宜蘭縣,461461,553,789,838,-0.11,7885,7283,1.3,1.19
98,2,982,桃園縣,1967038,3492,3840,2300,0.78,25484,23532,0.99,1.77
98,2,982,新竹縣,506546,1778,1286,734,1.09,7234,6008,2.42,3.51
98,2,982,苗栗縣,560581,-63,991,1086,-0.17,5124,5092,0.06,-0.11
98,2,982,台中縣,1559178,-276,2907,2116,0.51,14910,15977,-0.68,-0.17
98,2,982,彰化縣,1312165,-816,2516,2139,0.29,10392,11585,-0.91,-0.62
98,2,982,南投縣,531307,-323,789,1052,-0.5,4922,4982,-0.11,-0.61
98,2,982,雲林縣,723065,-209,1252,1559,-0.42,7438,7340,0.14,-0.28
98,2,982,嘉義縣,547550,-489,903,1087,-0.34,5960,6265,-0.56,-0.9
98,2,982,台南縣,1103789,-500,1718,2008,-0.26,10445,10655,-0.19,-0.45
98,2,982,高雄縣,1242652,-804,2118,2054,0.05,13608,14476,-0.7,-0.65
98,2,982,屏東縣,883075,-992,1311,1711,-0.45,8906,9498,-0.67,-1.12
98,2,982,台東縣,232071,178,366,536,-0.73,3324,2976,1.5,0.77
98,2,982,花蓮縣,340903,-319,539,727,-0.55,4977,5108,-0.38,-0.93
98,2,982,澎湖縣,94886,913,151,207,-0.59,2133,1164,10.21,9.62
98,2,982,基隆市,388703,-61,535,612,-0.2,6038,6022,0.04,-0.16
98,2,982,新竹市,408466,1147,1089,541,1.34,6605,6006,1.47,2.81
98,2,982,台中市,1070145,1608,1718,1307,0.38,18918,17721,1.12,1.5
98,2,982,嘉義市,274171,103,377,418,-0.15,4099,3955,0.53,0.38
98,2,982,台南市,769892,503,1212,1047,0.21,11105,10767,0.44,0.65
98,2,982,福建省,99269,3244,247,137,1.11,4578,1444,31.57,32.68
98,2,982,金門縣,89471,3207,224,127,1.08,4342,1232,34.76,35.84
98,2,982,連江縣,9798,37,23,10,1.33,236,212,2.45,3.78
98,1,981,台北市,2619920,-3003,5308,3995,0.5,37149,41465,-1.65,-1.15
98,1,981,高雄市,1526594,952,2934,2395,0.35,22658,22245,0.27,0.62
98,1,981,台灣省,18816011,21870,42873,31688,0.59,237525,226840,0.57,1.16
98,1,981,新北市,3843790,10060,8638,4745,1.01,53615,47448,1.6,2.61
98,1,981,宜蘭縣,460908,6,931,857,0.16,5653,5721,-0.15,0.01
98,1,981,桃園縣,1963546,4860,4951,2724,1.13,26115,23482,1.34,2.47
98,1,981,新竹縣,504768,1495,1579,904,1.34,6551,5731,1.62,2.96
98,1,981,苗栗縣,560644,247,1193,1146,0.08,5415,5215,0.36,0.44
98,1,981,台中縣,1559454,1510,3838,2322,0.97,16854,16860,0,0.97
98,1,981,彰化縣,1312981,46,3281,2348,0.71,12383,13270,-0.68,0.03
98,1,981,南投縣,531630,-123,1083,1181,-0.18,5385,5410,-0.05,-0.23
98,1,981,雲林縣,723274,-400,1515,1714,-0.28,7389,7590,-0.28,-0.56
98,1,981,嘉義縣,548039,-692,1101,1242,-0.26,5841,6392,-1.01,-1.27
98,1,981,台南縣,1104289,-263,2195,2307,-0.1,12122,12273,-0.14,-0.24
98,1,981,高雄縣,1243456,44,2737,2288,0.36,14505,14910,-0.33,0.03
98,1,981,屏東縣,884067,-771,1679,1986,-0.35,9563,10027,-0.52,-0.87
98,1,981,台東縣,231893,44,554,595,-0.18,2772,2687,0.37,0.19
98,1,981,花蓮縣,341222,-211,731,832,-0.3,4974,5084,-0.32,-0.62
98,1,981,澎湖縣,93973,665,196,183,0.14,1656,1004,6.94,7.08
98,1,981,基隆市,388764,-215,708,685,0.06,5491,5729,-0.61,-0.55
98,1,981,新竹市,407319,1948,1391,612,1.91,6717,5548,2.87,4.78
98,1,981,台中市,1068537,2409,2355,1379,0.91,19192,17759,1.34,2.25
98,1,981,嘉義市,274068,275,520,464,0.2,4057,3838,0.8,1
98,1,981,台南市,769389,936,1697,1174,0.68,11275,10862,0.54,1.22
98,1,981,福建省,96025,1700,286,123,1.7,2906,1369,16.01,17.71
98,1,981,金門縣,86264,1694,256,111,1.68,2693,1144,17.96,19.64
98,1,981,連江縣,9761,6,30,12,1.84,213,225,-1.23,0.61
97,4,974,台北市,2622923,-10,5682,3899,0.68,37439,39232,-0.68,0
97,4,974,高雄市,1525642,1768,3301,2259,0.68,22650,21924,0.48,1.16
97,4,974,台灣省,18794141,26662,46642,29658,0.9,228937,219259,0.51,1.41
97,4,974,新北市,3833730,11907,9087,4343,1.24,53372,46209,1.87,3.11
97,4,974,宜蘭縣,460902,-192,1038,879,0.34,5154,5505,-0.76,-0.42
97,4,974,桃園縣,1958686,6365,5360,2329,1.55,25752,22418,1.7,3.25
97,4,974,新竹縣,503273,1961,1738,855,1.75,6274,5196,2.14,3.89
97,4,974,苗栗縣,560397,438,1407,1022,0.69,5174,5121,0.09,0.78
97,4,974,台中縣,1557944,2526,4189,2182,1.29,17267,16748,0.33,1.62
97,4,974,彰化縣,1312935,508,3503,2236,0.97,11358,12117,-0.58,0.39
97,4,974,南投縣,531753,-321,1258,1100,0.3,4662,5141,-0.9,-0.6
97,4,974,雲林縣,723674,-660,1780,1627,0.21,6458,7271,-1.12,-0.91
97,4,974,嘉義縣,548731,79,1308,1303,0.01,5928,5854,0.13,0.14
97,4,974,台南縣,1104552,294,2435,2201,0.21,11139,11079,0.05,0.26
97,4,974,高雄縣,1243412,548,2957,2178,0.63,14052,14283,-0.19,0.44
97,4,974,屏東縣,884838,-802,1911,1896,0.02,8501,9318,-0.92,-0.9
97,4,974,台東縣,231849,-258,585,547,0.16,2267,2563,-1.28,-1.12
97,4,974,花蓮縣,341433,-410,804,796,0.02,4376,4794,-1.22,-1.2
97,4,974,澎湖縣,93308,324,198,163,0.38,1221,932,3.1,3.48
97,4,974,基隆市,388979,-108,798,627,0.44,5877,6156,-0.72,-0.28
97,4,974,新竹市,405371,1733,1461,541,2.27,6136,5323,2.01,4.28
97,4,974,台中市,1066128,2328,2498,1284,1.14,19768,18654,1.04,2.18
97,4,974,嘉義市,273793,-239,591,450,0.51,3543,3923,-1.39,-0.88
97,4,974,台南市,768453,641,1736,1099,0.83,10658,10654,0.01,0.84
97,4,974,福建省,94325,874,342,112,2.44,2141,1497,6.83,9.27
97,4,974,金門縣,84570,951,309,100,2.47,1971,1229,8.77,11.24
97,4,974,連江縣,9755,-77,33,12,2.15,170,268,-10.05,-7.9
97,3,973,台北市,2622933,-7258,4760,3639,0.43,45691,54070,-3.19,-2.76
97,3,973,高雄市,1523874,557,2751,2270,0.32,25642,25566,0.05,0.37
97,3,973,台灣省,18767479,19891,39224,27721,0.61,247176,238788,0.45,1.06
97,3,973,新北市,3821823,10780,7805,4187,0.95,61011,53849,1.87,2.82
97,3,973,宜蘭縣,461094,12,863,788,0.16,6114,6177,-0.14,0.02
97,3,973,桃園縣,1952321,6740,4625,2208,1.24,29377,25054,2.21,3.45
97,3,973,新竹縣,501312,1940,1453,749,1.4,6997,5761,2.47,3.87
97,3,973,苗栗縣,559959,108,1186,966,0.39,5061,5173,-0.2,0.19
97,3,973,台中縣,1555418,1972,3412,2024,0.89,17210,16626,0.38,1.27
97,3,973,彰化縣,1312427,-576,2866,2001,0.66,10129,11570,-1.1,-0.44
97,3,973,南投縣,532074,-688,954,1044,-0.17,4749,5347,-1.12,-1.29
97,3,973,雲林縣,724334,-903,1465,1551,-0.12,6599,7416,-1.13,-1.25
97,3,973,嘉義縣,548652,-613,1042,1080,-0.07,5300,5875,-1.05,-1.12
97,3,973,台南縣,1104258,-233,2015,1978,0.03,10999,11269,-0.24,-0.21
97,3,973,高雄縣,1242864,-162,2616,2001,0.49,15088,15865,-0.63,-0.14
97,3,973,屏東縣,885640,-1146,1705,1866,-0.18,9007,9992,-1.11,-1.29
97,3,973,台東縣,232107,-556,483,526,-0.19,2612,3125,-2.21,-2.4
97,3,973,花蓮縣,341843,-673,617,740,-0.36,5009,5559,-1.61,-1.97
97,3,973,澎湖縣,92984,382,168,182,-0.15,1421,1025,4.26,4.11
97,3,973,基隆市,389087,-356,617,635,-0.05,6556,6894,-0.87,-0.92
97,3,973,新竹市,403638,1270,1214,534,1.68,6868,6278,1.46,3.14
97,3,973,台中市,1063800,1556,2106,1230,0.82,21390,20710,0.64,1.46
97,3,973,嘉義市,274032,243,506,375,0.48,4293,4181,0.41,0.89
97,3,973,台南市,767812,794,1506,1056,0.59,11386,11042,0.45,1.04
97,3,973,福建省,93451,285,242,93,1.59,1783,1647,1.46,3.05
97,3,973,金門縣,83619,394,217,85,1.58,1621,1359,3.13,4.71
97,3,973,連江縣,9832,-109,25,8,1.73,162,288,-12.82,-11.09
97,2,972,台北市,2630191,-1414,4813,3876,0.36,45607,47958,-0.89,-0.53
97,2,972,高雄市,1523317,1560,2645,2151,0.32,26370,25304,0.7,1.02
97,2,972,台灣省,18747588,14451,37605,28739,0.47,252357,246772,0.3,0.77
97,2,972,新北市,3811043,6074,7257,4425,0.74,59336,56094,0.85,1.59
97,2,972,宜蘭縣,461082,426,832,813,0.04,6322,5915,0.88,0.92
97,2,972,桃園縣,1945581,5567,4395,2444,1,28440,24824,1.86,2.86
97,2,972,新竹縣,499372,2127,1407,755,1.31,7552,6077,2.95,4.26
97,2,972,苗栗縣,559851,-291,1170,1072,0.18,5386,5775,-0.69,-0.51
97,2,972,台中縣,1553446,935,3303,2176,0.73,17544,17736,-0.12,0.61
97,2,972,彰化縣,1313003,-1250,2758,2138,0.47,11026,12896,-1.42,-0.95
97,2,972,南投縣,532762,-558,1011,1004,0.01,5161,5726,-1.06,-1.05
97,2,972,雲林縣,725237,-141,1502,1544,-0.06,8205,8304,-0.14,-0.2
97,2,972,嘉義縣,549265,-1079,1082,1186,-0.19,5619,6594,-1.78,-1.97
97,2,972,台南縣,1104491,-509,1903,2081,-0.16,11414,11745,-0.3,-0.46
97,2,972,高雄縣,1243026,-1001,2369,2021,0.28,15973,17322,-1.09,-0.81
97,2,972,屏東縣,886786,-1718,1568,1805,-0.27,8939,10420,-1.67,-1.94
97,2,972,台東縣,232663,-647,462,507,-0.19,2294,2896,-2.59,-2.78
97,2,972,花蓮縣,342516,-510,668,788,-0.35,5208,5598,-1.14,-1.49
97,2,972,澎湖縣,92602,239,166,196,-0.32,1296,1027,2.9,2.58
97,2,972,基隆市,389443,-472,636,644,-0.02,6136,6600,-1.19,-1.21
97,2,972,新竹市,402368,1938,1243,541,1.74,7268,6032,3.07,4.81
97,2,972,台中市,1062244,3715,2033,1171,0.81,23069,20216,2.69,3.5
97,2,972,嘉義市,273789,367,479,398,0.3,4397,4111,1.04,1.34
97,2,972,台南市,767018,1239,1361,1030,0.43,11772,10864,1.18,1.61
97,2,972,福建省,93166,865,224,127,1.04,2005,1237,8.24,9.28
97,2,972,金門縣,83225,902,205,116,1.07,1840,1027,9.77,10.84
97,2,972,連江縣,9941,-37,19,11,0.8,165,210,-4.53,-3.73
97,1,971,台北市,2631605,2336,5436,4192,0.47,34862,33770,0.41,0.88
97,1,971,高雄市,1521757,1202,2889,2403,0.32,20637,19921,0.47,0.79
97,1,971,台灣省,18733137,16094,41911,32365,0.51,201420,194872,0.35,0.86
97,1,971,新北市,3804969,6954,8106,4927,0.84,43912,40137,0.99,1.83
97,1,971,宜蘭縣,460656,258,950,961,-0.02,5169,4900,0.58,0.56
97,1,971,桃園縣,1940014,5046,4800,2696,1.08,22748,19806,1.52,2.6
97,1,971,新竹縣,497245,1424,1590,919,1.35,5440,4687,1.51,2.86
97,1,971,苗栗縣,560142,-21,1213,1195,0.03,4687,4726,-0.07,-0.04
97,1,971,台中縣,1552511,1615,3762,2373,0.89,15087,14861,0.15,1.04
97,1,971,彰化縣,1314253,-101,3019,2379,0.49,10360,11101,-0.56,-0.07
97,1,971,南投縣,533320,-397,1056,1143,-0.16,4356,4666,-0.58,-0.74
97,1,971,雲林縣,725378,-294,1621,1754,-0.18,6386,6547,-0.22,-0.4
97,1,971,嘉義縣,550344,-1001,1233,1395,-0.29,4475,5314,-1.52,-1.81
97,1,971,台南縣,1105000,-403,2224,2386,-0.15,10114,10355,-0.22,-0.37
97,1,971,高雄縣,1244027,-286,2654,2234,0.34,13366,14072,-0.57,-0.23
97,1,971,屏東縣,888504,-1059,1724,1956,-0.26,7805,8632,-0.93,-1.19
97,1,971,台東縣,233310,-350,527,620,-0.4,2094,2351,-1.1,-1.5
97,1,971,花蓮縣,343026,-276,735,846,-0.32,4262,4427,-0.48,-0.8
97,1,971,澎湖縣,92363,-27,194,224,-0.32,897,894,0.03,-0.29
97,1,971,基隆市,389915,-482,703,741,-0.1,4688,5132,-1.14,-1.24
97,1,971,新竹市,400430,1395,1297,584,1.78,5196,4514,1.7,3.48
97,1,971,台中市,1058529,2631,2344,1386,0.91,16993,15320,1.58,2.49
97,1,971,嘉義市,273422,347,566,437,0.47,3352,3134,0.8,1.27
97,1,971,台南市,765779,1121,1593,1209,0.5,10033,9296,0.96,1.46
97,1,971,福建省,92301,808,266,120,1.58,1690,1028,7.17,8.75
97,1,971,金門縣,82323,776,239,109,1.58,1503,857,7.85,9.43
97,1,971,連江縣,9978,32,27,11,1.6,187,171,1.6,3.2
96,4,964,台北市,2629269,3910,6252,3757,0.95,33673,32258,0.54,1.49
96,4,964,高雄市,1520555,1987,3408,2258,0.76,18793,17956,0.55,1.31
96,4,964,台灣省,18717043,25728,47926,29578,0.98,181907,174527,0.39,1.37
96,4,964,新北市,3798015,8527,9296,4453,1.28,41376,37692,0.97,2.25
96,4,964,宜蘭縣,460398,205,1084,909,0.38,4569,4539,0.07,0.45
96,4,964,桃園縣,1934968,6000,5524,2325,1.65,20425,17624,1.45,3.1
96,4,964,新竹縣,495821,1596,1674,807,1.75,4741,4012,1.47,3.22
96,4,964,苗栗縣,560163,361,1443,1090,0.63,3919,3911,0.01,0.64
96,4,964,台中縣,1550896,2461,4345,2112,1.44,13011,12783,0.15,1.59
96,4,964,彰化縣,1314354,645,3525,2224,0.99,8572,9228,-0.5,0.49
96,4,964,南投縣,533717,223,1291,1078,0.4,4032,4022,0.02,0.42
96,4,964,雲林縣,725672,-277,1808,1672,0.19,4937,5350,-0.57,-0.38
96,4,964,嘉義縣,551345,-153,1349,1200,0.27,3994,4296,-0.55,-0.28
96,4,964,台南縣,1105403,324,2508,2161,0.31,9030,9053,-0.02,0.29
96,4,964,高雄縣,1244313,369,3094,2114,0.79,11869,12480,-0.49,0.3
96,4,964,屏東縣,889563,-243,1962,1904,0.07,6940,7241,-0.34,-0.27
96,4,964,台東縣,233660,-294,584,576,0.03,1784,2086,-1.29,-1.26
96,4,964,花蓮縣,343302,-308,845,877,-0.09,3590,3866,-0.8,-0.89
96,4,964,澎湖縣,92390,233,223,186,0.4,1014,818,2.12,2.52
96,4,964,基隆市,390397,209,821,604,0.56,5061,5069,-0.02,0.54
96,4,964,新竹市,399035,1458,1449,530,2.3,4926,4387,1.35,3.65
96,4,964,台中市,1055898,2952,2672,1285,1.31,15998,14433,1.48,2.79
96,4,964,嘉義市,273075,271,634,394,0.88,3205,3174,0.11,0.99
96,4,964,台南市,764658,1169,1795,1077,0.94,8914,8463,0.59,1.53
96,4,964,福建省,91493,1424,311,90,2.42,2039,836,13.15,15.57
96,4,964,金門縣,81547,1356,281,82,2.44,1842,685,14.19,16.63
96,4,964,連江縣,9946,68,30,8,2.21,197,151,4.62,6.83
96,3,963,台北市,2625359,-2631,5211,3485,0.66,47635,51992,-1.66,-1
96,3,963,高雄市,1518568,2453,2896,2131,0.5,27544,25856,1.11,1.61
96,3,963,台灣省,18691315,22360,41340,27880,0.72,248276,239376,0.48,1.2
96,3,963,新北市,3789488,10269,7816,4249,0.94,59217,52515,1.77,2.71
96,3,963,宜蘭縣,460193,60,912,752,0.35,5810,5910,-0.22,0.13
96,3,963,桃園縣,1928968,7442,4785,2266,1.31,29140,24217,2.55,3.86
96,3,963,新竹縣,494225,2820,1581,656,1.87,7324,5429,3.83,5.7
96,3,963,苗栗縣,559802,26,1298,996,0.54,5278,5554,-0.49,0.05
96,3,963,台中縣,1548435,2321,3784,2064,1.11,17644,17043,0.39,1.5
96,3,963,彰化縣,1313709,-277,2983,2095,0.68,10114,11279,-0.89,-0.21
96,3,963,南投縣,533494,-409,1086,1011,0.14,4794,5278,-0.91,-0.77
96,3,963,雲林縣,725949,-919,1566,1550,0.02,6609,7544,-1.29,-1.27
96,3,963,嘉義縣,551498,-495,1170,1102,0.12,5508,6071,-1.02,-0.9
96,3,963,台南縣,1105079,-436,2188,2007,0.16,11197,11814,-0.56,-0.4
96,3,963,高雄縣,1243944,-338,2732,2052,0.55,15907,16925,-0.82,-0.27
96,3,963,屏東縣,889806,-947,1772,1792,-0.02,9211,10138,-1.04,-1.06
96,3,963,台東縣,233954,-718,533,609,-0.32,2594,3236,-2.74,-3.06
96,3,963,花蓮縣,343610,-477,710,756,-0.13,5216,5647,-1.25,-1.38
96,3,963,澎湖縣,92157,80,206,191,0.16,1177,1112,0.71,0.87
96,3,963,基隆市,390188,-111,699,602,0.25,7110,7318,-0.53,-0.28
96,3,963,新竹市,397577,594,1253,535,1.81,6669,6793,-0.31,1.5
96,3,963,台中市,1052946,2786,2285,1162,1.07,21846,20183,1.58,2.65
96,3,963,嘉義市,272804,86,499,403,0.35,4142,4152,-0.04,0.31
96,3,963,台南市,763489,1003,1482,1030,0.59,11769,11218,0.72,1.31
96,3,963,福建省,90069,1232,262,105,1.74,2149,1074,11.94,13.68
96,3,963,金門縣,80191,1168,229,94,1.68,1902,869,12.88,14.56
96,3,963,連江縣,9878,64,33,11,2.23,247,205,4.25,6.48
96,2,962,台北市,2627990,1717,5048,3738,0.5,45210,44803,0.15,0.65
96,2,962,高雄市,1516115,1138,2709,2110,0.4,26072,25533,0.36,0.76
96,2,962,台灣省,18668955,17425,38609,28369,0.55,243397,236212,0.38,0.93
96,2,962,新北市,3779219,7691,7464,4368,0.82,56231,51636,1.22,2.04
96,2,962,宜蘭縣,460133,-78,876,742,0.29,5363,5575,-0.46,-0.17
96,2,962,桃園縣,1921526,6005,4416,2344,1.08,27283,23350,2.05,3.13
96,2,962,新竹縣,491405,2071,1421,734,1.4,6970,5586,2.82,4.22
96,2,962,苗栗縣,559776,67,1203,1073,0.23,5220,5283,-0.11,0.12
96,2,962,台中縣,1546114,1343,3432,2038,0.9,16803,16854,-0.03,0.87
96,2,962,彰化縣,1313986,-836,2818,2142,0.51,11266,12778,-1.15,-0.64
96,2,962,南投縣,533903,-821,1075,1075,0,4764,5585,-1.54,-1.54
96,2,962,雲林縣,726868,-578,1452,1532,-0.11,7732,8230,-0.69,-0.8
96,2,962,嘉義縣,551993,-826,1108,1170,-0.11,5583,6347,-1.38,-1.49
96,2,962,台南縣,1105515,-599,2029,2026,0,11512,12114,-0.54,-0.54
96,2,962,高雄縣,1244282,-278,2475,2005,0.38,16741,17489,-0.6,-0.22
96,2,962,屏東縣,890753,-1162,1657,1722,-0.07,9115,10212,-1.23,-1.3
96,2,962,台東縣,234672,-554,534,529,0.02,2529,3088,-2.38,-2.36
96,2,962,花蓮縣,344087,-463,661,776,-0.33,4987,5335,-1.01,-1.34
96,2,962,澎湖縣,92077,127,162,197,-0.38,1199,1037,1.76,1.38
96,2,962,基隆市,390299,-113,733,664,0.18,6364,6546,-0.47,-0.29
96,2,962,新竹市,396983,722,1107,566,1.36,6226,6045,0.46,1.82
96,2,962,台中市,1050160,3788,2017,1200,0.78,21503,18532,2.83,3.61
96,2,962,嘉義市,272718,497,528,410,0.43,4213,3834,1.39,1.82
96,2,962,台南市,762486,1422,1441,1056,0.5,11793,10756,1.36,1.86
96,2,962,福建省,88837,1163,232,128,1.17,2259,1200,11.92,13.09
96,2,962,金門縣,79023,1150,208,115,1.18,2069,1012,13.38,14.56
96,2,962,連江縣,9814,13,24,13,1.12,190,188,0.2,1.32
96,1,961,台北市,2626273,-5969,5109,3891,0.46,42387,49574,-2.74,-2.28
96,1,961,高雄市,1514977,271,2980,2342,0.42,24012,24379,-0.24,0.18
96,1,961,台灣省,18651530,8228,41874,31119,0.58,225300,227827,-0.14,0.44
96,1,961,新北市,3771528,4433,7868,4511,0.89,51424,50348,0.29,1.18
96,1,961,宜蘭縣,460211,-215,924,902,0.05,5189,5426,-0.51,-0.46
96,1,961,桃園縣,1915521,4360,4710,2572,1.12,25299,23077,1.16,2.28
96,1,961,新竹縣,489334,1642,1510,781,1.49,6243,5330,1.87,3.36
96,1,961,苗栗縣,559709,-277,1314,1194,0.21,4901,5298,-0.71,-0.5
96,1,961,台中縣,1544771,1335,3737,2309,0.92,16440,16533,-0.06,0.86
96,1,961,彰化縣,1314822,-212,3164,2307,0.65,10446,11515,-0.81,-0.16
96,1,961,南投縣,534724,-481,1136,1148,-0.02,4517,4986,-0.88,-0.9
96,1,961,雲林縣,727446,-1044,1674,1746,-0.1,5995,6967,-1.34,-1.44
96,1,961,嘉義縣,552819,-1022,1247,1248,0,4780,5801,-1.85,-1.85
96,1,961,台南縣,1106114,-576,2253,2277,-0.02,10977,11529,-0.5,-0.52
96,1,961,高雄縣,1244560,-914,2669,2258,0.33,15176,16501,-1.06,-0.73
96,1,961,屏東縣,891915,-1629,1865,1967,-0.11,8504,10031,-1.71,-1.82
96,1,961,台東縣,235226,-731,565,655,-0.38,2531,3172,-2.73,-3.11
96,1,961,花蓮縣,344550,-753,751,808,-0.17,4829,5525,-2.02,-2.19
96,1,961,澎湖縣,91950,165,193,215,-0.24,1186,999,2.03,1.79
96,1,961,基隆市,390412,-221,690,732,-0.11,5613,5792,-0.46,-0.57
96,1,961,新竹市,396261,1504,1208,571,1.61,6552,5685,2.19,3.8
96,1,961,台中市,1046372,1980,2331,1317,0.97,19603,18637,0.92,1.89
96,1,961,嘉義市,272221,-143,521,416,0.39,3735,3983,-0.91,-0.52
96,1,961,台南市,761064,1027,1544,1185,0.47,11360,10692,0.88,1.35
96,1,961,福建省,87674,1397,247,130,1.33,2387,1107,14.6,15.93
96,1,961,金門縣,77873,1382,219,121,1.26,2161,877,16.49,17.75
96,1,961,連江縣,9801,15,28,9,1.94,226,230,-0.41,1.53
